year,actual,predicted
2016,214.69999999999996,185.79800000000003
2016,176.69999999999996,172.4639999999999
2016,193.9,171.25900000000004
2016,216.0,133.4480000000001
2016,161.7,159.00099999999986
2016,206.1,200.65599999999995
2016,0.0,124.52899999999998
2016,204.69999999999996,193.766
2016,202.19999999999996,173.1930000000002
2016,0.0,156.744
2016,201.30000000000004,185.68300000000002
2016,156.0,89.98
2016,198.5,159.13799999999992
2016,208.6,178.90799999999987
2016,159.5,165.20499999999996
2016,135.2,145.95399999999995
2016,177.1,137.62899999999996
2016,154.0,102.594
2016,208.0,173.5469999999999
2016,134.6,118.081
2016,189.0,178.148
2016,199.0,149.68400000000003
2016,204.6,165.8630000000001
2016,199.0,165.836
2016,147.8,121.28599999999994
2016,212.30000000000004,159.8640000000001
2016,149.8,140.7479999999999
2016,202.1,160.31300000000007
2016,185.5,158.766
2016,171.19999999999996,141.639
2016,197.0,154.86800000000017
2016,0.0,165.06799999999996
2016,0.0,159.28099999999992
2016,211.30000000000004,172.98100000000014
2016,199.19999999999996,169.891
2016,149.1,129.48399999999995
2016,189.19999999999996,198.4899999999998
2016,205.5,189.60599999999985
2016,188.4,141.47199999999998
2016,142.7,145.37800000000001
2016,210.6,183.06400000000002
2016,156.4,127.67199999999994
2016,191.80000000000004,163.9839999999999
2016,198.0,132.31000000000003
2016,198.5,144.58399999999995
2016,147.6,86.11399999999996
2016,204.69999999999996,176.55199999999994
2016,194.6,163.40500000000011
2016,0.0,112.35599999999991
2016,200.30000000000004,191.49699999999993
2016,107.8,103.70299999999999
2016,0.0,154.76299999999995
2016,232.80000000000004,179.43900000000002
2016,197.5,155.24399999999991
2016,203.9,168.95100000000002
2016,115.8,114.99199999999998
2016,204.80000000000004,124.805
2016,184.5,166.63600000000008
2016,173.30000000000004,123.46300000000002
2016,159.2,172.02699999999993
2016,158.7,139.70299999999997
2016,205.1,159.09499999999989
2016,198.5,186.91299999999984
2016,180.80000000000004,154.81699999999995
2016,149.2,142.82099999999997
2016,210.69999999999996,198.10699999999994
2016,173.9,138.05299999999997
2016,128.6,108.17499999999998
2016,203.0,160.139
2016,211.19999999999996,193.7709999999999
2016,142.2,113.69099999999997
2016,177.6,159.2029999999999
2016,185.5,141.932
2016,178.80000000000004,151.29199999999994
2016,180.0,123.93799999999992
2016,236.0,172.79300000000003
2016,165.0,176.22300000000007
2016,161.2,159.14499999999998
2016,190.30000000000004,169.52100000000002
2016,199.80000000000004,165.416
2016,200.30000000000004,182.50900000000004
2016,165.8,162.88299999999992
2016,209.19999999999996,169.29700000000005
2016,210.0,151.29399999999998
2016,212.19999999999996,199.7069999999999
2016,206.1,156.75500000000014
2016,215.30000000000004,149.872
2016,179.5,142.06899999999993
2016,136.6,106.943
2016,188.0,105.94400000000002
2016,186.30000000000004,121.20999999999991
2016,214.30000000000004,140.16700000000006
2016,0.0,59.44299999999998
2016,158.8,158.29200000000012
2016,222.1,176.1620000000001
2016,144.0,157.62299999999985
2016,211.5,176.2660000000001
2016,0.0,164.164
2016,213.19999999999996,185.45499999999993
2016,199.1,194.33099999999985
2016,0.0,113.03899999999996
2016,186.5,142.90200000000002
2016,216.0,189.84
2016,161.1,136.21799999999996
2016,173.19999999999996,103.93799999999997
2016,146.5,105.15100000000001
2016,202.30000000000004,156.10100000000008
2016,159.9,156.27899999999997
2016,180.1,144.39300000000006
2016,208.4,170.827
2016,210.80000000000004,152.04700000000005
2016,197.80000000000004,174.84799999999996
2016,211.9,156.94300000000007
2016,210.4,172.7040000000001
2016,179.5,155.99400000000003
2016,174.5,149.55799999999988
2016,175.30000000000004,108.854
2016,160.5,126.64399999999992
2016,218.1,146.42399999999995
2016,213.5,185.75599999999994
2016,208.19999999999996,180.58699999999993
2016,206.4,172.8250000000002
2016,196.9,117.18299999999994
2016,144.6,109.57199999999992
2016,182.80000000000004,138.015
2016,135.1,143.43300000000002
2016,109.09999999999998,62.20499999999999
2016,171.9,163.96699999999987
2016,162.3,123.53099999999989
2016,141.5,118.91799999999999
2016,215.30000000000004,186.55699999999996
2016,0.0,43.51599999999999
2016,203.69999999999996,166.94400000000007
2016,0.0,32.595
2016,183.0,115.62199999999999
2016,169.0,151.47700000000003
2016,200.0,187.58599999999996
2016,201.1,198.86799999999985
2016,214.6,178.6829999999999
2016,144.6,146.10999999999999
2016,202.0,156.82100000000014
2016,149.8,42.951000000000015
2016,0.0,24.393000000000008
2016,188.69999999999996,111.72999999999993
2016,177.4,157.765
2016,189.6,152.57399999999996
2016,206.80000000000004,193.63499999999996
2016,181.1,157.50099999999992
2016,197.9,129.15800000000002
2016,181.1,127.8769999999999
2016,213.5,139.29700000000003
2016,200.80000000000004,183.36399999999995
2016,149.2,152.9510000000001
2016,148.8,106.46099999999996
2016,209.30000000000004,152.09500000000003
2016,210.69999999999996,183.95300000000003
2016,158.4,75.39399999999998
2016,203.1,133.32000000000002
2016,126.90000000000002,81.09499999999997
2016,147.9,174.01100000000002
2016,208.4,188.7069999999998
2016,127.3,132.54199999999994
2016,195.9,179.90200000000002
2016,140.5,85.69899999999998
2016,150.0,133.99500000000012
2016,116.8,113.42199999999994
2016,143.3,138.46700000000007
2016,204.0,185.89999999999998
2016,193.6,121.27399999999997
2016,167.3,158.6449999999999
2016,184.6,154.68399999999997
2016,162.1,95.807
2016,189.0,150.53599999999994
2016,205.6,178.09900000000013
2016,160.7,130.12399999999997
2016,169.7,163.56699999999995
2016,0.0,124.03599999999997
2016,0.0,58.218999999999994
2016,196.9,180.97299999999996
2016,205.6,139.01600000000005
2016,219.69999999999996,169.64800000000005
2016,121.7,121.715
2016,207.30000000000004,200.2189999999999
2016,166.0,150.53199999999998
2016,160.9,146.87699999999992
2016,112.59999999999998,100.65600000000003
2016,150.6,129.895
2016,210.30000000000004,178.28000000000014
2016,218.69999999999996,199.15399999999988
2016,0.0,121.59599999999999
2016,147.0,156.98499999999993
2016,199.9,176.45300000000015
2016,172.4,154.27999999999992
2016,164.1,150.45999999999998
2016,206.9,194.26999999999987
2016,229.19999999999996,174.40000000000015
2016,198.19999999999996,172.2320000000001
2016,167.2,159.962
2016,174.6,133.88099999999991
2016,158.2,125.62100000000005
2016,200.19999999999996,150.381
2016,140.3,146.22899999999996
2016,177.30000000000004,159.91399999999987
2016,157.9,137.80999999999997
2016,204.69999999999996,151.07100000000008
2016,0.0,46.51199999999998
2016,178.9,156.52799999999988
2016,190.6,192.68999999999988
2016,206.6,155.88800000000018
2016,164.8,165.435
2016,225.9,190.70399999999998
2016,163.6,178.394
2016,163.9,119.13799999999988
2016,121.5,65.043
2016,100.3,65.41499999999995
2016,167.2,155.71699999999998
2016,160.7,128.73699999999997
2016,207.30000000000004,153.09000000000012
2016,213.80000000000004,186.55000000000007
2016,207.9,158.06300000000007
2016,0.0,136.39600000000002
2016,165.0,154.32199999999995
2016,154.7,82.07999999999998
2016,210.6,169.71600000000018
2016,157.1,137.75699999999995
2016,181.69999999999996,158.24599999999992
2016,191.5,185.96499999999986
2016,156.6,117.69499999999998
2016,0.0,52.424
2016,134.1,110.35
2016,200.19999999999996,193.3839999999999
2016,0.0,95.06999999999998
2016,146.4,112.52199999999998
2016,193.30000000000004,123.89300000000004
2016,225.69999999999996,149.19200000000012
2016,192.69999999999996,144.0469999999999
2016,116.7,134.56600000000006
2016,0.0,82.15199999999997
2016,0.0,3.68
2016,40.4,57.152
2016,72.4,91.90899999999999
2016,212.19999999999996,180.57800000000003
2016,128.7,71.36099999999999
2016,205.6,185.99599999999995
2016,0.0,59.38199999999999
2016,128.2,39.11200000000001
2016,138.0,94.116
2016,0.0,71.66899999999998
2016,0.0,3.9610000000000003
2016,0.0,65.72899999999998
2016,199.80000000000004,177.95200000000006
2016,199.19999999999996,169.05599999999995
2016,215.6,184.62600000000003
2016,0.0,119.20099999999998
2016,154.8,129.19
2016,0.0,83.08499999999998
2016,153.1,62.29200000000002
2016,0.0,20.061
2016,130.1,110.02299999999994
2016,0.0,62.70099999999998
2016,0.0,2.05
2016,0.0,38.254999999999995
2016,154.9,160.03699999999992
2016,0.0,26.075000000000003
2016,0.0,167.78199999999998
2016,0.0,31.722
2016,162.2,139.615
2016,118.09999999999998,57.658999999999985
2016,122.2,118.07500000000003
2016,131.0,103.35499999999998
2016,141.6,115.51099999999995
2016,124.7,134.37799999999993
2016,0.0,86.38699999999997
2016,152.6,58.782999999999994
2016,193.4,185.75
2016,138.2,97.24699999999999
2016,157.4,62.73700000000001
2016,0.0,46.16699999999999
2016,0.0,90.376
2016,183.5,156.25100000000012
2016,154.2,127.01299999999998
2016,208.6,180.93900000000005
2016,214.5,179.571
2016,0.0,10.855
2016,215.6,191.86300000000003
2016,178.4,161.45999999999998
2016,0.0,28.735999999999994
2016,0.0,158.13099999999997
2016,0.0,31.282000000000004
2016,170.0,19.493
2016,0.0,69.414
2016,0.0,59.54799999999997
2016,0.0,52.10699999999999
2016,0.0,61.11699999999999
2016,0.0,49.97999999999999
2016,0.0,69.00299999999999
2016,210.80000000000004,157.841
2016,131.5,159.00700000000012
2016,214.9,193.17499999999984
2016,0.0,42.327000000000005
2016,138.7,142.26399999999995
2016,107.40000000000002,104.375
2016,50.70000000000001,77.79799999999996
2016,0.0,71.20100000000001
2016,93.90000000000002,132.80599999999998
2016,113.40000000000002,61.30199999999998
2016,172.0,166.09699999999998
2016,206.80000000000004,110.94000000000001
2016,81.8,71.707
2016,0.0,21.747
2016,132.6,65.53
2016,146.2,62.50099999999998
2016,0.0,60.209999999999994
2016,0.0,83.54599999999999
2016,198.6,172.48500000000007
2016,0.0,36.45400000000001
2016,111.09999999999998,96.83100000000005
2016,0.0,92.881
2016,186.6,166.41400000000002
2016,180.1,178.733
2016,124.3,49.210999999999984
2016,0.0,5.723
2016,90.09999999999998,47.10499999999999
2016,189.4,106.55199999999999
2016,214.69999999999996,193.45600000000005
2016,155.4,39.181
2016,0.0,62.97999999999998
2016,0.0,67.05399999999997
2016,0.0,104.04900000000002
2016,138.0,116.56699999999995
2016,0.0,95.35900000000001
2016,147.3,86.68199999999999
2016,219.4,150.026
2016,200.9,189.18199999999987
2016,0.0,69.44
2016,0.0,67.193
2016,163.0,44.812000000000005
2016,0.0,25.057000000000002
2016,0.0,85.65500000000006
2016,0.0,85.36399999999999
2016,0.0,157.39299999999992
2016,144.8,125.85499999999995
2016,0.0,50.272999999999996
2016,0.0,67.951
2016,142.1,85.57999999999998
2016,195.5,165.8290000000001
2016,223.30000000000004,180.518
2016,218.1,190.71000000000004
2016,0.0,6.761000000000001
2016,111.40000000000002,68.21600000000001
2016,127.09999999999998,133.92600000000004
2016,0.0,41.82899999999999
2016,185.4,75.40199999999999
2016,0.0,34.391999999999996
2016,159.4,148.89599999999996
2016,139.0,116.10699999999999
2016,136.9,136.704
2016,195.1,177.17400000000015
2016,0.0,37.68
2016,131.4,93.87000000000002
2016,0.0,59.413000000000004
2016,115.59999999999998,106.52900000000004
2016,138.5,113.028
2016,0.0,62.995
2016,160.7,94.82399999999998
2016,204.0,197.3019999999998
2016,175.4,118.574
2016,0.0,3.05
2016,156.5,128.739
2016,0.0,127.17600000000006
2016,144.6,85.48599999999999
2016,144.9,159.55
2016,0.0,120.24799999999996
2016,165.3,151.23699999999988
2016,101.09999999999998,39.39099999999999
2016,130.6,106.17499999999997
2016,101.2,32.823
2016,121.8,113.00200000000001
2016,157.2,89.07599999999996
2016,142.9,131.67600000000002
2016,194.19999999999996,69.584
2016,122.3,66.972
2016,128.3,79.194
2016,157.9,111.35399999999989
2016,0.0,163.01899999999983
2016,187.4,153.5469999999999
2016,203.69999999999996,197.56199999999998
2016,196.0,134.317
2016,202.5,184.14299999999994
2016,185.69999999999996,180.23699999999997
2016,188.80000000000004,184.23699999999997
2016,185.80000000000004,160.73
2016,196.30000000000004,178.98899999999995
2016,0.0,113.71999999999997
2016,209.0,189.39999999999992
2016,0.0,38.813
2016,203.19999999999996,174.5160000000001
2016,186.9,157.32399999999996
2016,0.0,77.634
2016,0.0,10.99
2016,187.69999999999996,30.274
2016,212.4,163.63899999999987
2016,0.0,91.39999999999998
2016,0.0,28.980999999999995
2016,128.8,86.15000000000002
2016,123.5,118.861
2016,101.8,55.396
2016,0.0,38.292
2016,207.6,174.6529999999999
2016,0.0,52.53800000000001
2016,175.6,157.05400000000003
2016,0.0,87.92900000000003
2016,108.90000000000002,88.43699999999998
2016,182.30000000000004,143.1710000000001
2016,0.0,59.93999999999999
2016,0.0,27.401
2016,0.0,125.40699999999997
2016,0.0,13.014000000000001
2016,231.9,192.671
2016,168.3,109.733
2016,202.30000000000004,166.8060000000002
2016,210.19999999999996,194.32200000000012
2016,0.0,89.57299999999998
2016,193.1,179.26300000000003
2016,0.0,0.0
2016,0.0,29.122999999999998
2016,0.0,68.47800000000002
2016,0.0,75.518
2016,0.0,25.398000000000007
2016,0.0,36.62
2016,0.0,94.58500000000002
2016,221.19999999999996,77.70699999999997
2016,198.4,58.31900000000002
2016,192.9,113.86999999999996
2016,0.0,1.6840000000000002
2016,0.0,22.201000000000004
2016,0.0,13.661000000000001
2016,0.0,48.233000000000004
2016,200.0,44.76300000000001
2016,191.5,76.19400000000002
2016,197.5,150.24100000000007
2016,0.0,112.03099999999999
2016,0.0,42.26599999999999
2016,137.4,90.41499999999998
2016,204.9,167.4520000000002
2016,0.0,153.85799999999995
2016,107.8,93.411
2016,0.0,16.554000000000002
2016,117.0,108.78799999999997
2016,136.7,108.445
2016,127.8,75.863
2016,139.8,86.61200000000004
2016,193.6,194.1070000000001
2016,159.2,72.201
2016,0.0,106.49099999999994
2016,129.3,69.708
2016,64.2,39.92300000000001
2016,146.4,88.014
2016,163.0,109.29999999999997
2016,207.9,173.25099999999998
2016,203.9,149.06500000000003
2016,131.5,88.00699999999995
2016,95.40000000000002,48.291000000000004
2016,114.5,103.48600000000002
2016,0.0,36.379
2016,207.0,161.04600000000016
2016,154.2,113.987
2016,0.0,35.01599999999999
2016,0.0,169.8309999999999
2019,136.0,91.865
2019,202.69999999999996,199.3819999999999
2019,151.7,119.46099999999998
2019,0.0,154.62399999999997
2019,0.0,129.82299999999998
2019,0.0,119.18600000000002
2019,179.5,154.52600000000004
2019,209.80000000000004,192.54799999999992
2019,196.69999999999996,168.81099999999998
2019,182.5,181.78200000000015
2019,198.19999999999996,192.14899999999997
2019,183.6,163.805
2019,200.5,200.03299999999996
2019,169.7,86.47599999999998
2019,193.30000000000004,190.421
2019,201.4,197.09
2019,178.69999999999996,149.18000000000006
2019,223.69999999999996,178.63099999999994
2019,216.4,190.06900000000013
2019,181.30000000000004,161.8869999999999
2019,203.0,201.25700000000003
2019,0.0,6.436
2019,129.9,113.84
2019,175.4,159.09199999999993
2019,148.1,161.60799999999998
2019,198.69999999999996,187.03799999999998
2019,172.5,134.59599999999992
2019,0.0,185.453
2019,0.0,130.79299999999995
2019,190.4,121.10499999999995
2019,200.19999999999996,199.1049999999999
2019,202.9,201.66699999999994
2019,204.5,200.10899999999995
2019,176.9,117.37
2019,0.0,95.98100000000004
2019,170.0,147.38199999999995
2019,0.0,115.73899999999998
2019,0.0,196.64699999999996
2019,0.0,62.31799999999999
2019,0.0,83.91799999999999
2019,172.0,113.065
2019,196.19999999999996,172.81799999999996
2019,129.0,42.40700000000001
2019,152.6,197.99200000000002
2019,0.0,141.19199999999992
2019,204.4,198.84400000000002
2019,131.9,116.43799999999999
2019,145.1,111.34300000000002
2019,198.80000000000004,199.75
2019,0.0,104.95700000000001
2019,0.0,159.87499999999997
2019,118.90000000000002,98.94399999999996
2019,0.0,166.32699999999994
2019,188.80000000000004,171.21299999999988
2019,156.4,114.90800000000007
2019,194.19999999999996,180.93799999999985
2019,158.8,118.17000000000002
2019,0.0,190.64399999999995
2019,150.7,108.37500000000001
2019,177.0,114.51899999999999
2019,136.0,150.12699999999992
2019,174.0,107.64599999999999
2019,192.19999999999996,112.86299999999996
2019,0.0,40.50599999999999
2019,0.0,178.10600000000002
2019,0.0,148.21099999999998
2019,0.0,126.41599999999993
2019,175.80000000000004,139.30899999999986
2019,170.0,86.93399999999998
2019,0.0,131.997
2019,0.0,11.626000000000001
2019,165.0,98.705
2019,188.9,175.02599999999987
2019,0.0,84.87199999999997
2019,183.5,116.023
2019,0.0,12.088999999999999
2019,159.0,145.00200000000007
2019,129.3,111.52499999999998
2019,0.0,79.18899999999995
2019,0.0,11.463
2019,162.7,157.74399999999994
2019,147.8,121.54699999999997
2019,209.30000000000004,200.847
2019,163.5,114.05999999999999
2019,200.30000000000004,196.9299999999999
2019,0.0,129.922
2019,193.69999999999996,199.30900000000008
2019,191.80000000000004,201.718
2019,208.9,200.694
2019,180.19999999999996,174.84699999999998
2019,212.1,191.1469999999999
2019,0.0,145.31900000000002
2019,0.0,119.339
2019,185.5,199.83300000000003
2019,170.4,142.81599999999997
2019,197.5,179.7149999999999
2019,196.1,202.17799999999997
2019,179.1,133.07699999999994
2019,234.69999999999996,188.9479999999999
2019,161.0,195.33499999999995
2019,219.69999999999996,199.56299999999985
2019,195.0,164.88299999999995
2019,198.80000000000004,188.884
2019,209.5,199.34099999999987
2019,0.0,37.67
2019,197.0,191.16499999999985
2019,179.9,130.51400000000004
2019,0.0,95.47600000000003
2019,111.40000000000002,81.18699999999998
2019,129.0,104.41600000000003
2019,0.0,133.624
2019,168.2,119.00599999999997
2019,0.0,22.551
2019,147.4,33.97100000000001
2019,127.5,73.89500000000002
2019,0.0,59.495
2019,0.0,106.38600000000001
2019,173.6,171.35900000000012
2019,0.0,129.52
2019,174.6,107.26099999999997
2019,190.80000000000004,190.11399999999992
2019,158.3,110.51100000000002
2019,144.2,81.82400000000001
2019,147.7,125.79899999999999
2019,132.9,158.35499999999993
2019,194.80000000000004,199.90999999999997
2019,164.8,124.78800000000003
2019,212.5,199.59299999999988
2019,160.0,128.061
2019,176.30000000000004,121.68000000000008
2019,0.0,121.48099999999998
2019,181.9,134.43899999999996
2019,164.5,123.39899999999997
2019,134.0,115.53300000000004
2019,194.19999999999996,191.75000000000003
2019,0.0,122.91199999999998
2019,198.69999999999996,191.45900000000006
2019,0.0,194.40400000000005
2019,0.0,143.54300000000003
2019,190.6,170.11699999999993
2019,157.2,163.77999999999992
2019,185.5,180.97299999999993
2019,205.1,203.082
2019,218.9,203.30599999999998
2019,122.2,109.50300000000004
2019,180.4,130.11499999999995
2019,0.0,106.34199999999997
2019,135.4,113.08399999999992
2019,184.4,147.70999999999998
2019,167.4,116.40199999999997
2019,171.69999999999996,114.72499999999998
2019,0.0,114.19799999999998
2019,177.80000000000004,196.0749999999999
2019,167.4,117.75599999999999
2019,174.1,144.07899999999992
2019,167.6,129.91099999999997
2019,176.5,169.55300000000003
2019,0.0,139.63000000000002
2019,178.69999999999996,140.07999999999998
2019,187.19999999999996,151.58999999999992
2019,172.30000000000004,76.82700000000001
2019,166.8,131.054
2019,216.0,199.18400000000005
2019,197.6,203.8710000000001
2019,178.80000000000004,197.08599999999998
2019,96.09999999999998,89.56999999999996
2019,181.4,201.14899999999992
2019,0.0,111.79099999999995
2019,167.4,90.85999999999999
2019,98.0,104.55599999999997
2019,194.1,201.78599999999994
2019,0.0,28.745
2019,98.3,104.743
2019,156.2,147.55800000000002
2019,0.0,76.921
2019,167.3,90.03700000000002
2019,0.0,123.54699999999998
2019,119.7,103.83799999999998
2019,0.0,129.919
2019,0.0,116.81199999999997
2019,205.80000000000004,176.64799999999988
2019,147.6,115.6719999999999
2019,187.69999999999996,160.24700000000007
2019,0.0,129.19000000000003
2019,135.0,129.00800000000007
2019,123.09999999999998,125.85800000000005
2019,0.0,125.32699999999996
2019,171.9,132.98100000000002
2019,184.4,113.28800000000001
2019,0.0,120.90800000000011
2019,130.9,133.03799999999995
2019,109.2,122.07700000000001
2019,198.30000000000004,116.5019999999999
2019,0.0,138.48099999999994
2019,68.0,62.87100000000001
2019,191.80000000000004,160.082
2019,86.0,91.59600000000005
2019,145.4,98.86800000000001
2019,155.9,114.35499999999996
2019,185.0,102.09700000000002
2019,0.0,80.84200000000001
2019,118.09999999999998,98.566
2019,192.0,197.7969999999999
2019,0.0,120.35899999999998
2019,0.0,117.93100000000004
2019,0.0,80.94900000000003
2019,0.0,36.12
2019,153.8,118.31400000000005
2019,188.1,196.18199999999996
2019,0.0,116.34700000000004
2019,0.0,109.80799999999998
2019,130.5,59.098999999999975
2019,132.5,107.46899999999997
2019,180.1,87.78399999999999
2019,112.7,89.711
2019,0.0,153.92300000000006
2019,132.5,116.31200000000007
2019,191.19999999999996,200.6
2019,0.0,168.121
2019,0.0,132.63599999999997
2019,199.69999999999996,186.47000000000003
2019,110.40000000000002,127.37800000000004
2019,84.8,71.68700000000001
2019,0.0,105.74000000000002
2019,0.0,139.36500000000007
2019,193.4,145.16700000000003
2019,144.4,131.61799999999997
2019,137.6,54.68800000000001
2019,140.7,130.33
2019,101.0,95.02399999999994
2019,0.0,149.91199999999998
2019,0.0,89.57700000000003
2019,0.0,125.80999999999999
2019,147.9,108.94899999999998
2019,155.6,133.24300000000005
2019,82.7,48.99600000000001
2019,0.0,63.70900000000002
2019,169.0,195.06699999999998
2019,0.0,47.958
2019,184.9,155.22099999999998
2019,0.0,104.35600000000004
2019,106.40000000000002,127.56499999999993
2019,153.1,129.004
2019,123.09999999999998,61.05699999999999
2019,0.0,75.50800000000001
2019,189.4,171.74199999999993
2019,0.0,72.98900000000003
2019,100.09999999999998,87.29000000000002
2019,0.0,129.36800000000008
2019,98.2,82.91600000000003
2019,120.8,40.059999999999995
2019,132.5,41.40800000000001
2019,193.6,197.40399999999997
2019,0.0,141.86800000000002
2019,0.0,177.56099999999992
2019,0.0,124.06899999999995
2019,0.0,130.7249999999999
2019,188.80000000000004,201.36599999999996
2019,124.0,16.373
2019,161.6,137.15200000000002
2019,0.0,94.42800000000003
2019,139.0,107.75800000000005
2019,146.3,122.90400000000001
2019,122.0,12.360999999999999
2019,168.6,196.56999999999994
2019,173.0,142.96
2019,172.0,90.005
2019,187.0,198.91100000000003
2019,0.0,102.99699999999997
2019,0.0,131.06899999999987
2019,0.0,22.170000000000005
2019,0.0,191.72700000000003
2019,0.0,111.04600000000003
2019,0.0,91.465
2019,155.2,134.08399999999997
2019,123.59999999999998,88.91199999999995
2019,175.80000000000004,157.65499999999992
2019,120.59999999999998,83.71600000000001
2019,113.0,132.09800000000004
2019,0.0,155.96800000000002
2019,108.3,64.13200000000002
2019,0.0,13.213
2019,166.2,101.65499999999994
2019,167.5,130.50600000000006
2019,173.9,112.148
2019,135.0,113.50100000000002
2019,0.0,132.63500000000002
2019,0.0,97.75699999999999
2019,185.0,139.951
2019,0.0,38.172999999999995
2019,193.19999999999996,144.75499999999997
2019,0.0,19.414
2019,0.0,151.54999999999998
2019,0.0,14.512
2019,205.6,170.70899999999995
2019,137.1,96.83500000000002
2019,144.8,106.37400000000004
2019,195.6,205.65299999999996
2019,143.5,113.81000000000003
2019,202.9,177.56500000000008
2019,0.0,78.48700000000002
2019,0.0,111.388
2019,174.9,174.26999999999992
2019,135.4,78.14000000000004
2019,0.0,135.80900000000003
2019,0.0,53.421000000000014
2019,0.0,107.88600000000001
2019,163.1,129.448
2019,0.0,76.84200000000001
2019,206.30000000000004,195.92900000000012
2019,178.19999999999996,159.65099999999993
2019,0.0,121.15700000000001
2019,148.5,130.49599999999995
2019,183.0,173.9860000000001
2019,0.0,92.62800000000003
2019,0.0,105.15099999999998
2019,0.0,153.67499999999995
2019,0.0,50.82900000000001
2019,143.0,75.86899999999996
2019,0.0,128.768
2019,188.0,133.78999999999994
2019,164.0,135.06299999999993
2019,112.3,86.31799999999997
2019,170.0,111.73800000000004
2019,191.69999999999996,158.21299999999994
2019,0.0,91.33200000000005
2019,166.4,151.17099999999994
2019,0.0,165.99900000000002
2019,175.80000000000004,157.05599999999995
2019,178.0,132.25200000000007
2019,173.0,151.66899999999998
2019,135.6,113.40300000000003
2019,0.0,4.178
2019,196.5,195.80300000000003
2019,138.0,88.21499999999996
2019,157.5,128.513
2019,139.7,138.32700000000006
2019,0.0,0.0
2019,0.0,66.614
2019,172.0,122.79400000000001
2019,0.0,80.70500000000001
2019,185.0,150.033
2019,117.09999999999998,88.95699999999995
2019,171.0,160.83199999999994
2019,0.0,5.5120000000000005
2019,120.0,104.45400000000004
2019,172.9,164.2059999999999
2019,161.7,147.974
2019,217.5,131.37099999999995
2019,188.0,125.88400000000001
2019,148.3,146.1439999999999
2019,0.0,14.953999999999999
2019,196.0,130.14299999999994
2019,0.0,142.22100000000003
2019,0.0,0.0
2019,200.0,137.48200000000008
2019,0.0,80.29199999999997
2019,0.0,2.1819999999999995
2019,178.69999999999996,71.81400000000002
2019,0.0,1.5
2019,0.0,21.875999999999998
2019,178.0,135.97300000000007
2019,161.0,146.164
2019,0.0,9.512
2019,0.0,106.903
2019,0.0,46.178000000000004
2019,0.0,153.255
2019,0.0,29.002000000000002
2019,0.0,2.2769999999999997
2019,0.0,3.265
2019,145.0,113.039
2019,141.0,87.73200000000001
2019,0.0,53.618999999999986
2019,0.0,33.281
2019,0.0,10.385
2019,125.5,21.524999999999995
2019,0.0,24.863999999999997
2019,0.0,39.821
2019,134.0,98.205
2019,138.7,105.37599999999995
2019,133.6,147.50499999999994
2019,131.0,72.65299999999999
2019,0.0,17.212999999999997
2019,100.0,68.50300000000006
2019,0.0,77.656
2019,0.0,0.0
2019,133.3,78.90100000000002
2019,139.0,150.58299999999997
2019,0.0,20.855000000000004
2019,0.0,8.648000000000001
2019,166.7,42.968999999999994
2019,0.0,4.973
2019,132.1,154.42399999999998
2019,0.0,0.0
2019,113.0,134.49100000000007
2019,224.4,68.34200000000003
2019,0.0,3.6760000000000006
2019,144.7,146.13399999999984
2019,199.6,48.149000000000015
2019,0.0,1.5
2019,91.7,43.54199999999999
2019,174.80000000000004,129.97700000000003
2019,0.0,93.21700000000001
2019,0.0,111.23200000000004
2019,177.1,90.72499999999998
2019,157.9,168.50799999999992
2019,0.0,147.69799999999998
2019,134.9,149.89899999999992
2019,0.0,86.66599999999998
2019,70.6,67.32099999999998
2019,0.0,74.53199999999998
2019,0.0,18.967
2019,143.3,165.68000000000004
2019,144.3,126.42499999999994
2019,0.0,25.156
2019,0.0,33.431999999999995
2019,116.7,0.0
2019,0.0,5.277
2019,144.2,66.479
2019,0.0,82.05299999999995
2019,143.6,154.69799999999995
2019,0.0,17.805999999999997
2019,170.9,59.89499999999999
2019,145.3,144.051
2019,0.0,28.980999999999998
2019,179.9,197.143
2019,126.8,38.07599999999999
2019,0.0,116.29000000000003
2019,115.0,81.87299999999999
2019,172.0,126.58499999999998
2019,125.8,40.694
2019,153.0,152.203
2019,54.79999999999999,64.41599999999997
2019,140.0,93.59599999999999
2019,0.0,31.171999999999997
2019,0.0,7.683
2019,0.0,58.53200000000003
2019,184.0,102.49499999999998
2019,0.0,14.183
2019,0.0,124.426
2019,0.0,0.0
2019,115.59999999999998,102.21500000000002
2019,169.0,138.138
2019,0.0,110.433
2019,206.1,193.09099999999984
2019,0.0,3.3539999999999996
2019,181.9,102.76899999999998
2019,0.0,68.138
2019,127.3,62.39
2019,0.0,0.0
2019,158.0,155.41799999999995
2019,0.0,112.33099999999995
2019,0.0,89.20400000000004
2019,205.6,119.99400000000001
2019,0.0,0.0
2019,0.0,39.773
2019,0.0,18.833000000000002
2019,135.0,21.882999999999996
2019,0.0,15.914999999999997
2019,182.69999999999996,69.94299999999998
2019,0.0,16.843999999999998
2019,142.6,107.66900000000001
2019,0.0,21.103
2019,0.0,34.748000000000005
2019,0.0,45.35599999999999
2019,0.0,35.791
2019,137.0,135.2609999999999
2019,181.0,163.7910000000002
2019,0.0,28.941000000000003
2019,140.5,133.19799999999995
2019,0.0,105.64399999999998
2019,91.40000000000002,62.06800000000002
2019,190.0,150.16099999999986
2019,160.1,160.12599999999986
2019,0.0,115.67600000000004
2019,171.0,109.04700000000003
2019,0.0,0.0
2019,133.3,32.751999999999995
2019,0.0,9.248
2019,168.1,137.03
2019,0.0,183.99499999999992
2019,0.0,44.618
2019,0.0,18.445
2019,180.80000000000004,192.87800000000007
2019,0.0,2.366
2019,163.0,156.81799999999998
2019,0.0,53.759999999999984
2019,183.80000000000004,130.53199999999998
2019,146.3,71.18899999999998
2019,0.0,9.171
2019,0.0,170.849
2019,0.0,80.62799999999999
2019,154.1,122.32999999999994
2019,151.7,91.29399999999998
2019,154.0,130.98899999999998
2019,198.69999999999996,201.1239999999999
2019,0.0,70.994
2019,0.0,14.485
2019,179.0,100.48200000000001
2019,130.0,87.639
2019,0.0,141.35899999999998
2019,218.19999999999996,194.57899999999995
2019,0.0,163.77999999999997
2019,0.0,33.16
2019,175.69999999999996,112.89699999999993
2019,189.9,181.89799999999997
2019,169.2,132.37300000000008
2019,170.69999999999996,158.49800000000002
2019,134.8,135.52099999999993
2019,221.9,203.66000000000014
2019,202.9,131.57299999999998
2019,123.2,135.03099999999992
2019,194.5,193.8659999999999
2019,164.7,110.63
2019,203.9,193.27899999999988
2019,162.3,137.18499999999995
2019,0.0,204.48999999999992
2019,204.80000000000004,152.58699999999993
2019,0.0,117.08100000000002
2019,173.19999999999996,141.001
2019,204.9,186.63199999999995
2019,0.0,125.65999999999998
2019,180.80000000000004,118.68700000000003
2019,186.5,196.83299999999997
2019,145.0,89.55800000000004
2019,220.6,197.94899999999996
2019,133.7,140.37199999999996
2019,189.4,185.28499999999997
2019,217.30000000000004,191.3749999999999
2019,0.0,105.34100000000004
2019,192.1,199.54699999999997
2019,179.0,103.36599999999994
2019,189.30000000000004,202.33499999999987
2019,204.80000000000004,186.61700000000008
2019,172.80000000000004,176.851
2019,161.7,152.463
2019,152.0,108.90300000000008
2019,168.9,132.04499999999996
2019,171.0,139.168
2019,0.0,145.73300000000006
2019,176.19999999999996,132.24500000000006
2019,0.0,152.66000000000003
2019,198.30000000000004,190.84099999999992
2019,156.7,100.78199999999998
2019,182.5,187.60500000000005
2019,191.30000000000004,161.2679999999999
2019,0.0,133.74699999999996
2019,0.0,137.38
2019,0.0,96.16000000000003
2019,182.0,103.82499999999995
2019,0.0,148.21699999999993
2019,124.2,103.4310000000001
2019,0.0,89.744
2019,0.0,72.807
2019,178.9,169.49
2019,174.4,187.20199999999988
2019,177.5,111.48900000000009
2019,151.4,138.85500000000002
2019,154.8,130.202
2019,202.9,191.93699999999998
2019,198.80000000000004,191.3610000000001
2019,163.5,138.34900000000005
2019,200.4,192.20099999999994
2019,0.0,102.12900000000002
2019,185.69999999999996,90.598
2019,186.19999999999996,183.22500000000002
2019,0.0,79.94500000000001
2019,176.5,123.07700000000004
2019,0.0,130.747
2019,160.5,126.74099999999999
2019,0.0,125.89199999999995
2019,132.2,113.35299999999994
2019,103.0,44.16400000000001
2019,133.0,129.53700000000003
2019,0.0,156.20099999999994
2019,0.0,107.85500000000002
2019,194.6,175.71800000000007
2019,134.1,8.165000000000001
2019,144.2,83.60400000000001
2019,0.0,102.62200000000004
2019,0.0,91.62600000000002
2019,177.30000000000004,95.735
2019,115.0,90.98
2019,0.0,26.612
2019,102.90000000000002,81.85100000000004
2019,0.0,5.02
2019,0.0,122.598
2019,138.2,133.88500000000005
2019,0.0,18.520000000000003
2019,0.0,105.94699999999997
2019,227.30000000000004,113.098
2019,0.0,15.702999999999998
2019,0.0,18.365000000000002
2019,0.0,0.0
2019,185.0,141.252
2019,218.6,109.31799999999996
2019,73.2,72.19999999999997
2019,0.0,144.38099999999994
2019,0.0,35.755
2019,135.4,136.65799999999993
2019,0.0,102.714
2019,130.0,95.43600000000002
2019,0.0,31.29699999999999
2019,0.0,10.527000000000001
2019,160.0,137.97900000000004
2019,152.2,131.00999999999996
2019,113.0,63.702999999999996
2019,0.0,15.038999999999998
2019,0.0,121.072
2019,0.0,98.69699999999999
2019,119.0,67.09200000000001
2019,170.0,157.373
2019,0.0,0.0
2019,0.0,9.804
2019,160.2,117.67000000000002
2019,0.0,59.25699999999997
2019,0.0,54.378
2019,171.80000000000004,29.208999999999996
2019,0.0,7.115
2019,0.0,6.291000000000001
2019,157.0,158.2349999999999
2019,0.0,2.301
2019,0.0,9.948
2019,0.0,0.0
2019,153.6,87.79800000000004
2019,0.0,52.36099999999998
2019,135.0,124.90199999999997
2019,200.30000000000004,204.06200000000004
2019,0.0,0.0
2019,148.5,64.96299999999998
2019,0.0,97.64299999999999
2019,0.0,19.383
2019,0.0,72.49799999999999
2019,121.09999999999998,58.00999999999999
2019,100.5,116.00800000000002
2019,160.0,73.752
2019,210.0,95.32799999999996
2019,146.8,66.25000000000001
2019,180.0,107.02
2019,192.4,94.67400000000002
2019,93.0,63.28300000000003
2019,174.0,40.85899999999999
2019,217.80000000000004,199.28600000000003
2019,0.0,190.87899999999993
2019,196.6,139.65299999999993
2019,133.7,104.73699999999994
2019,208.0,198.96199999999996
2019,165.0,92.71100000000004
2019,150.5,128.74399999999994
2019,172.30000000000004,91.73
2019,0.0,137.524
2019,0.0,30.017000000000003
2019,140.5,51.766999999999996
2019,0.0,0.0
2019,0.0,11.818000000000001
2019,110.0,115.15599999999999
2019,155.0,110.915
2019,202.9,57.136
2019,138.4,152.86299999999991
2019,155.9,135.43999999999994
2019,0.0,1.5
2019,187.0,152.279
2019,0.0,86.02300000000001
2019,0.0,80.37600000000002
2019,219.0,104.66700000000003
2019,0.0,23.533
2019,148.0,112.78899999999997
2019,0.0,4.59
2019,0.0,69.957
2019,0.0,78.92099999999998
2019,197.5,58.76700000000001
2019,145.0,127.69200000000005
2019,178.4,183.726
2019,0.0,5.6579999999999995
2019,145.2,145.12599999999986
2019,176.30000000000004,171.50999999999993
2019,0.0,102.08
2019,152.7,94.37600000000002
2019,151.6,140.60100000000003
2019,0.0,77.50799999999998
2019,150.6,53.75499999999999
2019,0.0,144.013
2019,0.0,67.94999999999997
2019,126.90000000000002,123.16800000000003
2019,0.0,81.96599999999998
2019,138.0,109.72
2019,181.4,167.33100000000002
2019,0.0,54.13499999999999
2019,0.0,34.63900000000002
2019,0.0,162.71199999999988
2019,0.0,71.47799999999998
2019,174.19999999999996,194.00200000000007
2019,170.2,152.33499999999995
2019,174.5,89.95199999999998
2019,172.5,184.91099999999997
2019,154.6,94.14100000000002
2019,165.5,168.7640000000001
2019,163.0,151.773
2019,138.4,69.04599999999999
2019,134.7,132.37499999999994
2019,150.5,118.95000000000002
2019,0.0,132.51299999999998
2019,0.0,72.821
2019,0.0,104.584
2019,194.30000000000004,185.02700000000004
2019,176.0,83.32900000000005
2019,128.6,79.12699999999997
2019,0.0,135.2289999999999
2019,188.30000000000004,193.766
2019,171.4,145.84300000000005
2019,167.2,123.039
2019,146.7,69.484
2019,0.0,37.32399999999999
2019,132.4,120.81200000000001
2019,0.0,33.226000000000006
2019,0.0,7.081000000000001
2019,156.3,77.46700000000001
2019,188.80000000000004,151.046
2019,0.0,129.28199999999993
2019,153.5,80.13200000000002
2019,156.6,147.15899999999993
2019,155.3,140.02900000000002
2019,165.8,110.24099999999997
2019,173.80000000000004,33.990999999999985
2019,169.7,92.40799999999996
2019,187.80000000000004,179.18599999999995
2019,164.3,161.41199999999998
2019,125.0,23.277
2019,166.7,140.59399999999994
2019,0.0,123.13500000000003
2019,0.0,138.232
2019,179.0,123.14500000000004
2019,126.90000000000002,92.252
2019,0.0,93.46099999999998
2019,0.0,12.552
2019,182.30000000000004,179.56799999999998
2019,0.0,111.15700000000002
2019,189.19999999999996,187.726
2019,137.5,14.761
2019,163.0,165.71199999999988
2019,0.0,128.49
2019,179.4,124.08099999999996
2019,150.2,196.761
2019,0.0,0.0
2019,0.0,14.235000000000005
2019,167.4,114.02500000000002
2019,181.1,152.997
2019,133.0,110.27099999999994
2019,155.1,77.374
2019,178.19999999999996,188.30399999999992
2019,163.2,103.07100000000003
2019,0.0,30.52399999999999
2019,174.1,174.49399999999983
2019,154.2,107.94499999999996
2019,174.1,127.88199999999993
2019,0.0,90.87200000000001
2019,148.7,123.13399999999996
2019,140.0,9.322
2019,183.9,158.73699999999988
2019,196.9,174.03799999999993
2019,0.0,53.865999999999985
2019,109.7,131.17900000000006
2019,141.1,84.76800000000001
2019,0.0,35.694
2019,0.0,192.09400000000008
2019,168.0,119.98899999999995
2019,198.19999999999996,199.53400000000016
2019,131.6,78.46199999999996
2019,0.0,102.28500000000003
2019,187.6,87.26800000000001
2019,90.3,55.440999999999974
2019,175.0,137.57000000000008
2019,0.0,125.58100000000012
2019,147.8,105.68899999999998
2019,0.0,69.67599999999997
2019,182.5,131.70899999999995
2019,191.80000000000004,149.14100000000002
2019,0.0,62.64999999999995
2019,133.8,167.26699999999997
2019,151.5,83.36100000000006
2019,162.0,87.85300000000001
2019,159.1,171.89299999999994
2019,135.1,106.68700000000001
2019,0.0,74.66100000000002
2019,0.0,103.53000000000003
2019,156.5,74.15099999999997
2019,186.6,114.97300000000001
2019,0.0,48.888999999999996
2019,0.0,62.612999999999985
2019,0.0,127.73499999999994
2019,0.0,57.027999999999956
2019,179.5,132.489
2019,0.0,2.7
2019,0.0,29.29200000000001
2019,0.0,10.904000000000002
2019,0.0,60.92199999999997
2019,0.0,77.95899999999997
2019,0.0,90.546
2019,0.0,34.323
2019,0.0,85.19499999999996
2019,162.9,134.02599999999995
2019,141.3,113.42099999999996
2019,148.5,78.74799999999999
2019,0.0,1.143
2019,0.0,113.00400000000003
2019,170.6,147.87599999999992
2019,0.0,1.0
2019,0.0,140.32299999999998
2019,157.8,109.68200000000003
2019,146.9,132.20799999999988
2019,148.5,87.28900000000002
2019,172.19999999999996,154.94700000000003
2019,180.6,117.502
2019,188.6,192.16100000000003
2019,173.5,157.50700000000006
2019,179.9,124.514
2019,206.5,185.26899999999995
2019,0.0,70.89399999999996
2019,181.0,176.11499999999995
2019,155.5,106.30600000000004
2019,0.0,117.53199999999998
2019,128.4,84.60799999999999
2019,0.0,113.64299999999999
2019,127.5,130.35099999999997
2019,169.5,100.111
2019,189.1,204.59699999999998
2019,0.0,3.3920000000000003
2019,150.5,160.05200000000005
2019,179.6,142.432
2019,143.0,124.78299999999986
2019,197.19999999999996,191.57299999999995
2019,118.8,83.67600000000004
2019,150.4,190.55799999999996
2019,145.8,102.839
2019,0.0,111.527
2019,156.8,111.27600000000004
2019,148.1,118.891
2019,0.0,7.457999999999999
2019,140.2,128.75499999999994
2019,159.4,96.38699999999999
2019,131.5,89.73899999999998
2019,0.0,21.773999999999997
2019,155.0,55.99199999999999
2019,0.0,78.58100000000003
2019,170.9,172.19199999999975
2019,0.0,73.46
2019,140.7,98.52599999999997
2019,186.19999999999996,172.08399999999997
2019,0.0,44.995999999999995
2019,159.4,131.58899999999997
2019,0.0,50.22099999999998
2019,0.0,73.93799999999999
2019,0.0,1.5
2019,127.3,35.279
2019,0.0,124.20300000000002
2019,0.0,79.09400000000004
2019,177.19999999999996,132.8649999999999
2019,161.9,137.09500000000003
2019,0.0,127.925
2019,178.69999999999996,172.12399999999988
2019,132.5,73.24600000000001
2019,168.8,116.11799999999995
2019,196.0,147.666
2019,0.0,152.82
2019,114.0,27.717
2019,166.3,127.66699999999999
2019,0.0,58.460999999999984
2019,0.0,135.488
2019,119.59999999999998,73.73699999999997
2019,0.0,133.088
2019,0.0,68.43299999999999
2019,139.2,128.83400000000006
2019,0.0,160.92599999999996
2019,165.4,144.83499999999995
2019,0.0,43.88000000000001
2019,0.0,40.254999999999995
2019,0.0,90.40899999999999
2019,0.0,98.28700000000005
2019,145.6,83.969
2019,0.0,156.67699999999996
2019,161.8,90.53199999999997
2019,0.0,125.78599999999989
2019,160.6,126.11400000000002
2019,0.0,75.66600000000001
2019,0.0,0.0
2019,0.0,126.91599999999998
2019,0.0,83.65799999999999
2019,0.0,36.23799999999999
2019,180.6,106.63599999999997
2019,134.0,87.11500000000004
2019,156.8,142.68599999999992
2019,0.0,77.688
2019,137.1,105.37400000000001
2019,126.0,119.86600000000004
2019,173.19999999999996,105.38000000000004
2019,174.0,163.08200000000002
2019,134.8,107.45399999999997
2019,176.69999999999996,131.267
2019,162.1,96.631
2019,172.6,79.479
2019,0.0,64.46400000000003
2019,0.0,12.384
2019,200.4,96.19100000000002
2019,166.8,177.99899999999982
2019,0.0,114.40200000000004
2019,186.80000000000004,184.15599999999998
2019,141.2,110.15099999999997
2019,141.5,107.589
2019,187.19999999999996,131.22500000000002
2019,0.0,40.865
2019,183.80000000000004,189.345
2019,172.19999999999996,190.43399999999997
2019,164.4,127.05600000000003
2019,155.3,66.83100000000002
2019,190.19999999999996,147.26599999999996
2019,186.30000000000004,149.99599999999992
2019,143.5,106.98999999999997
2019,150.0,74.52099999999996
2019,0.0,90.27799999999998
2019,138.1,124.39900000000003
2019,0.0,127.83699999999993
2019,130.0,92.40100000000001
2019,173.80000000000004,108.37700000000002
2019,122.90000000000002,104.28900000000002
2019,145.7,87.999
2019,111.09999999999998,72.70799999999998
2019,0.0,4.542000000000001
2019,198.1,183.33
2019,0.0,20.183000000000003
2019,157.0,185.91299999999993
2019,151.8,117.417
2019,0.0,87.79799999999999
2019,161.0,95.12100000000001
2019,0.0,155.256
2019,154.0,92.632
2019,0.0,70.739
2019,124.5,67.74699999999999
2019,159.0,140.53300000000002
2019,0.0,20.502000000000006
2019,185.6,148.68999999999994
2019,141.2,101.045
2019,0.0,144.2779999999999
2019,152.4,114.59299999999993
2019,163.3,90.48399999999998
2019,178.80000000000004,145.20299999999992
2019,0.0,99.29899999999999
2019,146.5,128.34099999999995
2019,172.0,105.03699999999999
2019,0.0,5.936
2019,138.8,143.09400000000002
2019,0.0,91.06299999999999
2019,0.0,80.76699999999997
2019,160.0,64.71499999999999
2019,169.3,141.514
2019,0.0,1.15
2019,0.0,103.08099999999999
2019,132.6,117.44299999999997
2019,154.6,101.277
2019,158.3,155.72499999999997
2019,156.0,192.29499999999993
2019,147.7,96.024
2019,0.0,52.54999999999998
2019,0.0,68.42199999999998
2019,182.6,98.96699999999997
2019,186.4,185.59399999999997
2019,0.0,78.311
2019,0.0,101.89999999999998
2019,160.4,91.39200000000002
2019,0.0,79.83799999999998
2019,183.6,170.33399999999983
2019,0.0,139.73000000000013
2019,0.0,57.82200000000002
2019,168.8,85.612
2019,0.0,99.69699999999999
2019,121.59999999999998,117.79800000000002
2019,131.9,133.797
2019,157.5,91.51399999999998
2019,146.5,149.53599999999994
2019,0.0,52.24100000000003
2019,141.5,135.76700000000005
2019,152.0,125.54899999999996
2019,0.0,15.332
2019,148.3,93.33599999999996
2019,0.0,0.0
2019,167.4,132.80400000000006
2019,0.0,79.16000000000001
2019,147.9,54.11599999999999
2019,190.80000000000004,167.49800000000002
2019,184.0,197.58500000000004
2019,0.0,73.64199999999994
2019,183.19999999999996,145.21899999999988
2019,0.0,85.65700000000002
2019,0.0,123.316
2019,181.30000000000004,119.215
2019,172.9,139.4689999999999
2019,131.1,151.08000000000004
2019,194.4,183.0159999999999
2019,0.0,23.412000000000003
2019,186.6,201.13599999999994
2019,148.4,118.01800000000007
2019,195.19999999999996,171.65399999999994
2019,0.0,135.94199999999995
2019,152.6,141.94299999999987
2019,148.8,180.20400000000006
2019,0.0,0.0
2019,0.0,22.737
2019,174.30000000000004,168.1499999999999
2019,0.0,36.829999999999984
2019,154.8,106.92400000000002
2019,164.6,100.90300000000003
2019,0.0,99.57099999999998
2019,150.0,117.70599999999995
2019,167.7,103.25499999999997
2019,0.0,124.95099999999998
2019,180.5,114.72499999999992
2019,162.7,159.87400000000002
2019,0.0,105.59099999999994
2019,0.0,27.049000000000007
2019,0.0,103.95200000000003
2019,173.4,111.45300000000005
2019,126.3,103.969
2019,132.5,51.203
2019,0.0,102.30599999999998
2019,0.0,25.305000000000003
2019,0.0,136.76399999999984
2019,136.7,17.384
2019,0.0,62.70499999999999
2019,144.6,96.78699999999999
2019,0.0,1.2
2019,0.0,17.514
2019,0.0,69.40699999999998
2019,0.0,64.758
2019,188.0,144.289
2019,135.9,104.65199999999997
2019,150.2,110.09400000000001
2019,0.0,120.15299999999999
2019,0.0,27.032999999999998
2019,161.7,85.91499999999998
2019,0.0,77.871
2019,0.0,105.09499999999998
2019,0.0,51.772
2019,154.4,145.09200000000007
2019,185.1,165.83900000000003
2019,173.5,141.17900000000006
2019,0.0,55.946000000000005
2019,176.6,104.66000000000003
2019,0.0,131.952
2019,126.7,14.354000000000001
2019,0.0,103.071
2019,0.0,26.131999999999994
2019,172.80000000000004,88.28500000000003
2019,147.4,146.12199999999993
2019,150.3,102.53599999999993
2019,0.0,130.57899999999995
2019,165.5,38.495
2019,0.0,111.17399999999998
2019,0.0,29.358
2019,133.7,147.6629999999999
2019,0.0,57.119
2019,130.1,72.16499999999998
2019,0.0,17.438
2019,185.5,139.49900000000002
2019,0.0,0.0
2019,0.0,51.88899999999999
2019,0.0,20.984999999999996
2019,0.0,110.15199999999997
2019,170.4,108.609
2019,164.0,113.19300000000004
2019,0.0,128.51
2019,132.5,108.043
2019,0.0,33.623999999999995
2019,0.0,114.63499999999998
2019,0.0,61.38299999999998
2019,136.7,76.20599999999996
2019,116.8,98.76299999999999
2019,0.0,44.978999999999985
2019,0.0,100.50899999999997
2019,174.4,102.62400000000005
2019,0.0,125.35400000000006
2019,178.80000000000004,141.66300000000004
2019,0.0,101.18199999999999
2019,0.0,10.504000000000001
2019,0.0,115.01199999999996
2019,0.0,23.556000000000004
2019,0.0,28.598
2019,144.5,139.00699999999992
2019,158.0,77.67000000000002
2019,0.0,26.799999999999997
2019,175.6,93.84300000000002
2019,0.0,142.79600000000008
2019,92.40000000000002,90.90799999999997
2019,0.0,34.19599999999999
2019,0.0,39.108999999999995
2019,160.9,121.94499999999998
2019,174.30000000000004,105.41400000000002
2019,185.5,165.697
2019,188.0,122.61799999999998
2019,0.0,6.232
2019,146.6,130.98999999999995
2019,148.1,150.68600000000004
2019,162.6,117.56499999999994
2019,201.5,88.308
2019,0.0,28.930000000000003
2019,100.0,128.06999999999996
2019,0.0,104.27399999999993
2019,0.0,67.437
2019,157.2,102.88400000000001
2019,100.0,2.451
2019,0.0,123.87200000000006
2019,0.0,8.423
2019,158.0,70.834
2019,0.0,104.53000000000003
2019,174.19999999999996,141.7759999999999
2019,192.5,175.77700000000007
2019,163.0,149.438
2019,136.8,89.03299999999999
2019,0.0,159.24499999999992
2019,151.6,104.59600000000006
2019,0.0,75.87299999999999
2019,0.0,58.565999999999995
2019,164.0,101.07399999999996
2019,0.0,36.051
2019,0.0,18.983
2019,170.4,93.77100000000002
2019,0.0,53.97999999999996
2019,0.0,63.83199999999999
2019,0.0,57.992000000000004
2019,0.0,100.521
2019,0.0,128.10600000000005
2019,145.7,133.6249999999999
2019,172.0,47.969000000000015
2019,0.0,43.79
2019,0.0,48.202
2019,176.19999999999996,114.27300000000005
2019,0.0,97.78999999999998
2019,105.59999999999998,72.64899999999997
2019,179.30000000000004,135.22700000000006
2019,0.0,73.41199999999998
2019,156.3,114.47200000000001
2019,0.0,125.95799999999988
2019,0.0,98.98700000000001
2019,160.0,24.389000000000006
2019,127.40000000000002,132.11400000000003
2019,158.1,131.90499999999997
2019,0.0,87.95600000000002
2019,0.0,6.804000000000001
2019,0.0,30.99
2019,0.0,27.865999999999996
2019,0.0,53.762999999999984
2019,123.5,80.185
2019,0.0,113.04200000000003
2019,0.0,64.69899999999996
2019,150.0,62.27200000000002
2019,210.1,204.61800000000002
2019,154.5,125.05700000000004
2019,160.0,153.27999999999997
2019,0.0,29.383999999999997
2019,0.0,62.699
2019,0.0,68.92200000000001
2019,0.0,81.48300000000003
2019,170.0,108.21600000000001
2019,193.0,129.83499999999998
2019,0.0,53.117999999999974
2019,150.7,79.31199999999997
2019,138.8,113.84999999999997
2019,0.0,91.292
2019,0.0,64.03699999999995
2019,151.8,132.024
2019,0.0,42.632000000000005
2019,184.0,136.38399999999993
2019,84.2,48.51299999999996
2019,195.9,200.66500000000005
2019,0.0,105.08499999999997
2019,143.5,101.76299999999998
2019,0.0,82.39699999999999
2019,178.9,126.37599999999999
2019,175.0,129.64000000000001
2019,157.1,175.89699999999993
2019,192.6,131.73799999999997
2019,183.5,199.62899999999993
2019,198.5,129.06000000000003
2019,166.1,138.36799999999994
2019,197.0,176.53200000000007
2019,0.0,34.88300000000001
2019,188.19999999999996,193.23299999999995
2019,172.19999999999996,50.30699999999999
2019,176.0,157.80600000000007
2019,214.9,212.06800000000004
2019,175.5,113.92399999999994
2019,0.0,126.47599999999997
2019,168.8,120.06899999999997
2019,184.0,129.43600000000004
2019,0.0,106.12499999999994
2019,136.1,16.093
2019,108.3,35.945
2019,0.0,44.86200000000002
2019,195.5,187.0670000000001
2019,164.5,95.25099999999995
2019,0.0,201.35300000000007
2019,0.0,86.01599999999999
2019,155.9,158.386
2019,186.1,206.28400000000016
2019,179.5,143.119
2019,161.2,146.39399999999998
2019,171.5,119.85700000000001
2019,128.8,141.32800000000006
2019,185.80000000000004,153.995
2019,175.5,124.47399999999996
2019,159.3,100.88599999999998
2019,0.0,57.95699999999998
2019,173.80000000000004,147.32399999999996
2019,185.0,148.55299999999986
2019,146.5,101.60799999999999
2019,199.69999999999996,202.14000000000016
2019,174.80000000000004,200.97900000000004
2019,0.0,100.42900000000002
2019,0.0,125.46099999999997
2019,0.0,84.44699999999999
2019,157.2,101.52999999999999
2019,0.0,76.89799999999997
2019,0.0,81.60100000000001
2019,207.19999999999996,86.116
2019,118.3,94.58300000000004
2019,146.0,128.01000000000002
2019,0.0,63.61499999999999
2019,204.19999999999996,203.16300000000007
2019,190.9,194.86700000000008
2019,0.0,51.87299999999996
2019,159.9,154.58299999999994
2019,180.0,115.30800000000006
2019,192.19999999999996,205.7350000000001
2019,0.0,88.57700000000003
2019,175.69999999999996,183.78900000000002
2019,151.0,102.93299999999998
2019,0.0,103.84300000000003
2019,170.5,96.79200000000003
2019,0.0,87.20400000000004
2019,150.4,114.40899999999996
2019,195.4,190.54099999999994
2019,0.0,5.098
2019,191.6,188.176
2019,0.0,57.12299999999995
2019,201.4,189.709
2019,157.6,144.65499999999992
2019,179.0,158.26899999999995
2019,204.6,200.373
2019,129.0,85.68799999999999
2019,96.7,3.804
2019,188.19999999999996,154.97300000000007
2019,96.8,70.29899999999999
2019,176.0,53.63
2019,0.0,149.64100000000008
2019,0.0,54.198999999999984
2019,0.0,68.48499999999997
2019,177.5,157.8379999999999
2019,180.4,205.166
2019,0.0,50.17199999999999
2019,0.0,52.945
2019,0.0,91.98400000000004
2019,151.1,125.44999999999989
2019,93.09999999999998,63.67399999999998
2019,205.80000000000004,201.014
2019,133.2,120.34899999999999
2019,206.5,192.924
2019,209.19999999999996,190.6869999999999
2019,0.0,135.47099999999998
2019,0.0,136.16499999999996
2019,0.0,120.04600000000002
2019,0.0,9.073
2019,202.9,87.47000000000004
2019,0.0,61.46299999999996
2019,123.0,18.066999999999997
2019,0.0,50.832999999999984
2019,0.0,59.066000000000024
2019,0.0,71.89999999999998
2019,194.80000000000004,122.15499999999999
2019,0.0,87.86500000000002
2019,146.0,94.19200000000001
2019,0.0,103.814
2019,0.0,129.147
2019,144.1,108.28899999999997
2019,197.30000000000004,200.85000000000008
2019,144.0,40.435
2019,0.0,53.91800000000001
2019,0.0,12.394
2019,0.0,48.57599999999999
2019,135.5,81.35300000000002
2019,124.7,103.69700000000005
2019,0.0,111.13999999999999
2019,164.9,119.25600000000006
2019,160.0,71.369
2019,201.30000000000004,50.78799999999997
2019,0.0,104.73100000000005
2019,172.5,122.10099999999998
2019,148.8,96.035
2019,160.6,158.37499999999994
2019,152.3,116.88400000000003
2019,179.0,120.30900000000003
2019,0.0,0.0
2019,158.2,153.09900000000005
2019,0.0,119.82200000000003
2019,177.5,159.94800000000004
2019,183.19999999999996,167.612
2019,0.0,66.94399999999999
2019,166.0,96.28599999999997
2019,159.0,118.00800000000001
2019,179.69999999999996,166.2199999999999
2019,0.0,132.241
2019,153.0,142.88199999999998
2019,211.1,198.74799999999988
2019,168.0,144.88499999999993
2019,123.8,184.66099999999992
2019,0.0,84.99199999999998
2019,193.1,198.6480000000001
2019,214.30000000000004,193.44499999999988
2019,191.80000000000004,72.323
2019,141.5,42.43400000000001
2019,196.6,203.38100000000006
2019,0.0,45.915000000000006
2019,0.0,59.016999999999946
2019,0.0,10.936000000000002
2019,0.0,79.96799999999999
2019,0.0,29.041999999999994
2019,0.0,154.702
2019,130.0,39.489000000000004
2019,184.1,93.94699999999995
2019,0.0,104.544
2019,136.1,113.29199999999999
2019,0.0,114.43200000000004
2019,0.0,15.320000000000004
2019,111.09999999999998,104.26399999999992
2019,176.5,139.03000000000003
2019,199.0,196.004
2019,148.8,107.50499999999997
2019,177.0,149.99399999999994
2019,94.90000000000002,1.558
2019,125.0,143.47799999999995
2019,0.0,144.6939999999999
2019,122.7,76.015
2019,205.19999999999996,131.07100000000003
2019,174.9,177.951
2020,149.3,24.421000000000003
2020,0.0,28.096999999999998
2020,198.4,169.97199999999984
2020,0.0,5.442
2020,177.4,106.27200000000006
2020,0.0,7.668000000000001
2020,0.0,102.322
2020,153.2,123.86100000000005
2020,163.2,106.84399999999997
2020,147.5,156.77700000000002
2020,198.4,196.40599999999998
2020,0.0,25.566
2020,197.1,149.66299999999998
2020,202.1,139.952
2020,133.3,111.74500000000003
2020,146.0,166.648
2020,122.59999999999998,30.820999999999994
2020,185.0,203.1130000000001
2020,148.7,123.62000000000003
2020,205.9,190.4069999999998
2020,124.5,1.1540000000000001
2020,0.0,66.7
2020,0.0,2.3
2020,198.80000000000004,133.81400000000005
2020,132.7,24.605999999999995
2020,179.9,130.984
2020,159.9,175.4529999999999
2020,141.1,86.25799999999998
2020,140.0,164.84400000000002
2020,189.19999999999996,186.91099999999997
2020,120.59999999999998,0.0
2020,177.19999999999996,117.57400000000003
2020,147.3,166.72999999999996
2020,201.6,192.25200000000012
2020,151.3,0.0
2020,194.4,194.85900000000004
2020,147.9,45.12299999999996
2020,0.0,5.514000000000001
2020,178.0,196.57900000000006
2020,171.5,115.913
2020,176.19999999999996,122.63899999999994
2020,195.19999999999996,162.93400000000003
2020,188.69999999999996,175.27699999999993
2020,190.9,120.28400000000002
2020,193.19999999999996,195.30400000000006
2020,164.5,79.881
2020,161.3,142.86600000000013
2020,212.69999999999996,156.6999999999999
2020,176.0,162.0509999999999
2020,205.30000000000004,162.9570000000001
2020,205.4,173.86799999999997
2020,162.5,110.08700000000006
2020,164.3,102.836
2020,174.4,140.13899999999995
2020,204.4,198.34199999999993
2020,192.9,145.82
2020,122.0,111.11600000000007
2020,195.69999999999996,162.3320000000001
2020,202.0,194.90200000000002
2020,164.1,114.58000000000007
2020,0.0,56.54
2020,186.30000000000004,160.69799999999995
2020,105.5,30.549
2020,173.6,163.93399999999997
2020,0.0,32.46499999999999
2020,205.19999999999996,197.30999999999997
2020,0.0,62.595000000000006
2020,176.1,157.224
2020,179.80000000000004,101.12800000000003
2020,101.0,67.199
2020,0.0,27.859
2020,102.5,115.64500000000005
2020,0.0,31.77
2020,154.6,118.20699999999997
2020,0.0,38.96300000000001
2020,149.6,85.74700000000001
2020,160.5,115.13900000000004
2020,179.30000000000004,116.4679999999999
2020,193.80000000000004,160.363
2020,155.3,132.17499999999995
2020,195.30000000000004,188.01800000000003
2020,164.9,192.19799999999992
2020,157.4,144.82999999999996
2020,66.3,58.207999999999984
2020,163.5,180.9579999999999
2020,162.6,21.917
2020,171.6,206.43299999999985
2020,146.9,56.33699999999999
2020,161.8,190.1499999999999
2020,79.1,53.134000000000015
2020,190.69999999999996,191.45999999999995
2020,167.3,175.93400000000005
2020,0.0,201.42299999999994
2020,144.9,68.79800000000002
2020,185.6,189.32699999999997
2020,121.0,88.28200000000004
2020,151.1,195.548
2020,121.8,35.67500000000001
2020,188.19999999999996,188.40100000000007
2020,174.0,21.985
2020,63.70000000000001,37.927999999999976
2020,0.0,39.24899999999999
2020,184.6,173.08099999999996
2020,168.0,77.70499999999997
2020,170.6,111.243
2020,0.0,19.462000000000007
2020,153.5,140.38299999999992
2020,172.19999999999996,52.176000000000016
2020,179.69999999999996,157.2869999999999
2020,0.0,1.9160000000000001
2020,166.2,130.518
2020,82.4,43.961999999999996
2020,132.7,194.95499999999993
2020,132.5,60.468999999999994
2020,148.4,188.90199999999993
2020,117.2,81.53299999999997
2020,201.80000000000004,175.8060000000001
2020,141.8,55.926000000000016
2020,172.80000000000004,150.716
2020,93.40000000000002,57.62899999999999
2020,0.0,15.672000000000004
2020,188.4,185.81199999999993
2020,172.5,127.78299999999997
2020,174.30000000000004,165.85000000000002
2020,183.1,54.107
2020,181.6,151.49800000000005
2020,0.0,76.63599999999997
2020,94.90000000000002,91.91499999999998
2020,0.0,22.502
2020,137.9,123.07199999999993
2020,179.6,101.30599999999995
2020,162.3,80.40100000000001
2020,0.0,0.0
2020,139.8,73.631
2020,143.7,64.768
2020,160.2,129.94500000000005
2020,201.69999999999996,198.696
2020,153.0,129.15899999999996
2020,198.4,195.14100000000002
2020,0.0,0.0
2020,195.19999999999996,178.804
2020,149.2,100.76100000000001
2020,115.40000000000002,50.93
2020,0.0,81.49100000000003
2020,168.3,134.11000000000004
2020,111.09999999999998,0.0
2020,111.2,82.46700000000004
2020,153.8,101.81500000000001
2020,122.09999999999998,61.42999999999998
2020,178.4,176.53199999999998
2020,88.8,87.81700000000001
2020,203.30000000000004,189.34199999999998
2020,166.9,86.81100000000002
2020,182.19999999999996,144.38199999999998
2020,115.40000000000002,35.90599999999998
2020,0.0,199.90600000000003
2020,129.8,64.73800000000001
2020,0.0,167.68500000000003
2020,183.4,52.389
2020,180.80000000000004,191.08800000000008
2020,112.2,74.29600000000003
2020,172.0,162.30299999999997
2020,197.0,200.801
2020,178.19999999999996,104.855
2020,91.7,106.57899999999998
2020,180.19999999999996,120.12100000000005
2020,188.80000000000004,126.75699999999999
2020,0.0,24.456
2020,0.0,69.46
2020,157.6,149.77900000000002
2020,0.0,32.199
2020,0.0,18.392
2020,146.4,121.26100000000005
2020,175.9,31.42599999999999
2020,188.0,146.87599999999998
2020,177.5,124.14000000000001
2020,151.4,127.28299999999999
2020,181.80000000000004,157.03499999999994
2020,97.5,62.35100000000003
2020,0.0,21.348000000000006
2020,152.9,123.13400000000003
2020,165.3,146.76399999999998
2020,188.5,110.624
2020,169.4,134.40499999999997
2020,185.9,130.14599999999996
2020,161.1,43.37000000000001
2020,0.0,38.687999999999995
2020,198.0,187.43899999999994
2020,0.0,5.514000000000001
2020,176.1,138.33600000000004
2020,0.0,2.294
2020,196.69999999999996,142.55899999999994
2020,158.4,138.2969999999999
2020,187.4,144.2639999999999
2020,158.4,169.48199999999994
2020,129.6,41.334999999999994
2020,113.0,88.54300000000005
2020,154.1,128.187
2020,163.8,146.185
2020,118.90000000000002,7.814000000000002
2020,0.0,48.738000000000014
2020,196.1,197.22100000000012
2020,158.8,145.52599999999998
2020,0.0,51.83699999999999
2020,157.5,128.888
2020,155.0,148.90699999999993
2020,0.0,27.500999999999998
2020,169.2,146.10399999999998
2020,158.3,120.47499999999997
2020,103.3,43.36800000000001
2020,144.3,119.69300000000004
2020,197.6,106.03800000000005
2020,184.30000000000004,67.32899999999998
2020,187.6,130.613
2020,0.0,133.30799999999996
2020,174.6,126.37899999999998
2020,153.5,148.64499999999995
2020,182.6,172.87000000000003
2020,172.69999999999996,104.76399999999998
2020,0.0,10.172
2020,183.4,70.893
2020,172.30000000000004,152.06599999999997
2020,0.0,41.18
2020,174.4,136.26200000000006
2020,0.0,16.031999999999996
2020,151.9,42.29
2020,143.8,95.80900000000001
2020,164.6,125.91499999999992
2020,142.8,116.32100000000004
2020,0.0,20.817999999999998
2020,0.0,158.60899999999995
2020,174.80000000000004,82.16199999999999
2020,102.09999999999998,120.41300000000005
2020,203.30000000000004,163.87200000000004
2020,0.0,34.447
2020,0.0,97.16799999999999
2020,132.3,114.93199999999999
2020,161.0,38.668
2020,169.8,149.518
2020,181.0,119.8
2020,152.9,129.36499999999995
2020,168.4,119.40800000000007
2020,132.8,103.403
2020,0.0,32.92000000000001
2020,183.80000000000004,131.756
2020,136.0,114.006
2020,141.0,114.65700000000002
2020,208.1,186.84699999999998
2020,202.0,200.19800000000006
2020,192.4,181.65399999999994
2020,151.9,124.37799999999999
2020,186.19999999999996,186.6439999999999
2020,134.5,67.85
2020,209.30000000000004,185.313
2020,118.90000000000002,113.38499999999989
2020,146.2,77.04599999999996
2020,203.69999999999996,193.82999999999996
2020,0.0,62.68599999999999
2020,198.1,192.58199999999997
2020,155.3,125.92199999999997
2020,150.5,105.52600000000004
2020,0.0,1.167
2020,143.1,132.02200000000002
2020,179.9,150.61
2020,129.8,94.20599999999999
2020,137.0,163.18899999999988
2020,100.59999999999998,30.394999999999996
2020,145.4,39.86499999999999
2020,170.4,136.5909999999999
2020,0.0,107.42099999999994
2020,147.8,151.3599999999999
2020,152.6,108.56599999999995
2020,187.30000000000004,173.56099999999998
2020,114.5,110.529
2020,165.8,96.78699999999998
2020,0.0,0.0
2020,130.0,131.8950000000001
2020,200.1,147.76400000000004
2020,140.5,88.99300000000002
2020,152.8,59.98000000000002
2020,142.2,139.98699999999997
2020,0.0,190.83400000000006
2020,138.0,113.844
2020,171.30000000000004,118.92499999999993
2020,0.0,55.576
2020,159.4,148.72999999999993
2020,136.3,21.646000000000004
2020,153.8,62.459000000000024
2020,204.1,190.90300000000008
2020,120.40000000000002,96.05200000000002
2020,134.6,4.668
2020,152.4,39.47899999999999
2020,199.0,164.8890000000001
2020,148.1,159.5970000000001
2020,182.1,174.17999999999995
2020,185.6,158.01799999999997
2020,205.19999999999996,197.73100000000014
2020,0.0,3.6760000000000006
2020,184.69999999999996,191.24299999999997
2020,156.4,166.46400000000006
2020,148.9,120.844
2020,0.0,161.53599999999997
2020,122.2,29.885999999999996
2020,113.2,59.61999999999998
2020,203.5,197.01500000000007
2020,124.90000000000002,86.11900000000003
2020,192.19999999999996,153.31600000000006
2020,0.0,0.0
2020,0.0,0.0
2020,147.6,166.41199999999992
2020,162.1,129.24300000000002
2020,0.0,0.777
2020,0.0,2.044
2020,0.0,5.514000000000001
2020,154.6,85.71900000000001
2020,119.8,93.07600000000008
2020,121.59999999999998,0.9670000000000001
2020,147.0,93.98200000000004
2020,186.19999999999996,143.02100000000007
2020,115.3,6.167000000000001
2020,185.1,102.943
2020,0.0,0.0
2020,184.4,94.79900000000002
2020,150.6,123.54700000000003
2020,214.9,201.424
2020,141.7,149.90099999999995
2020,139.1,151.1610000000001
2020,0.0,3.108
2020,133.1,150.071
2020,182.4,166.407
2020,128.5,107.48600000000009
2020,168.0,160.47699999999998
2020,80.9,83.85700000000001
2020,185.4,192.6089999999999
2020,179.0,183.56499999999997
2020,160.7,134.32499999999996
2020,193.4,183.34600000000003
2020,129.0,72.73099999999998
2020,189.5,190.63499999999993
2020,167.4,162.909
2020,154.6,167.49299999999982
2020,0.0,93.94199999999995
2020,0.0,76.92199999999997
2020,74.4,73.91300000000001
2020,91.90000000000002,49.878000000000014
2020,175.0,35.839000000000006
2020,196.9,204.707
2020,164.7,134.98599999999996
2020,189.6,179.81500000000003
2020,93.0,68.93299999999998
2020,178.80000000000004,189.69700000000003
2020,114.8,24.361000000000008
2020,163.2,27.6
2020,180.0,189.97800000000007
2020,157.9,93.90000000000003
2020,129.7,120.37199999999999
2020,188.1,179.05699999999996
2020,154.9,129.26600000000002
2020,141.2,87.21700000000001
2020,159.0,153.12500000000003
2020,186.4,194.14
2020,0.0,2.682
2020,150.2,37.87699999999999
2020,115.7,74.38199999999999
2020,195.9,131.70999999999998
2020,80.9,116.089
2020,153.2,31.352000000000004
2020,80.5,78.28900000000004
2020,170.0,183.77700000000002
2020,174.19999999999996,169.43200000000002
2020,190.80000000000004,164.15100000000007
2020,207.1,182.095
2020,0.0,54.188999999999986
2020,201.1,73.454
2020,200.69999999999996,166.72999999999996
2020,128.1,45.01000000000001
2020,95.0,90.87099999999998
2020,159.5,138.69799999999995
2020,163.0,50.27
2020,205.4,78.828
2020,110.09999999999998,33.874
2020,65.1,47.46499999999999
2020,187.1,138.79400000000012
2020,149.5,108.33299999999997
2020,201.80000000000004,137.84199999999998
2020,116.40000000000002,103.45599999999999
2020,0.0,9.286000000000003
2020,84.2,80.97100000000002
2020,203.4,134.76399999999998
2020,128.3,107.778
2020,201.80000000000004,200.97199999999992
2020,0.0,64.911
2020,226.0,204.74800000000002
2020,138.6,101.08999999999995
2020,204.69999999999996,189.40600000000003
2020,129.9,112.50400000000005
2020,183.9,115.64299999999999
2020,214.5,55.915
2020,151.1,74.98199999999997
2020,170.3,124.06499999999997
2020,163.4,106.332
2020,138.3,98.53600000000002
2020,0.0,17.009000000000004
2020,0.0,2.286
2020,142.9,22.213999999999995
2020,199.6,206.94900000000004
2020,124.0,108.23699999999995
2020,0.0,183.92600000000002
2020,104.8,127.85699999999997
2020,0.0,64.595
2020,0.0,141.059
2020,0.0,24.432
2020,154.4,136.37899999999996
2020,0.0,83.27
2020,203.19999999999996,192.93999999999997
2020,147.2,120.714
2020,0.0,32.187
2020,108.0,71.46300000000001
2020,191.9,207.55700000000007
2020,202.69999999999996,197.304
2020,107.40000000000002,32.81399999999999
2020,197.6,190.30199999999994
2020,174.69999999999996,74.432
2020,0.0,75.19700000000002
2020,153.7,131.45700000000005
2020,152.9,120.50000000000004
2020,162.9,94.59000000000002
2020,208.30000000000004,206.74599999999998
2020,151.7,108.02699999999999
2020,136.4,101.639
2020,157.0,50.35599999999999
2020,164.4,103.95800000000003
2020,185.80000000000004,134.0289999999999
2020,0.0,39.81300000000002
2020,137.3,150.94600000000003
2020,148.4,129.3869999999999
2020,201.5,151.80400000000003
2020,202.4,187.00400000000008
2020,230.0,207.75600000000006
2020,189.1,193.88099999999983
2020,100.8,125.43400000000003
2020,101.0,95.96600000000002
2020,159.6,81.05100000000004
2020,165.1,83.69900000000001
2020,189.80000000000004,160.49699999999993
2020,139.1,90.05500000000002
2020,177.1,152.914
2020,202.69999999999996,68.80499999999999
2020,179.0,175.92100000000002
2020,156.3,93.215
2020,122.0,48.32500000000002
2020,0.0,42.702
2020,159.7,127.979
2020,0.0,27.309999999999995
2020,114.7,162.299
2020,0.0,69.38200000000002
2020,180.6,121.62499999999999
2020,185.19999999999996,193.82799999999995
2020,0.0,52.73500000000001
2020,0.0,46.032
2020,215.80000000000004,114.17100000000006
2020,108.3,79.97999999999999
2020,223.1,204.761
2020,186.0,199.6950000000001
2020,45.70000000000001,80.17000000000006
2020,205.69999999999996,193.247
2020,151.8,23.629
2020,191.0,196.66899999999984
2020,134.2,42.411
2020,178.19999999999996,190.51599999999996
2020,0.0,23.894000000000002
2020,194.0,187.63299999999995
2020,91.0,75.935
2020,135.7,31.743
2020,188.5,180.32100000000005
2020,94.59999999999998,101.66499999999998
2020,182.69999999999996,66.50399999999998
2020,109.8,121.65900000000002
2020,167.0,164.51999999999992
2020,172.30000000000004,164.69
2020,192.4,194.465
2020,155.4,167.636
2020,0.0,8.931
2020,202.19999999999996,46.60699999999998
2020,49.9,75.12799999999999
2020,169.3,83.139
2020,189.0,80.61900000000003
2020,202.80000000000004,187.54800000000012
2020,142.0,75.73000000000003
2020,138.3,139.14600000000002
2020,124.3,80.47900000000003
2020,191.9,188.83699999999993
2020,168.8,188.01700000000005
2020,96.0,55.95599999999999
2020,195.0,148.12299999999996
2020,156.2,36.037000000000006
2020,173.1,125.866
2020,124.8,18.769000000000002
2020,166.2,148.448
2020,94.8,54.61699999999998
2020,181.1,167.94299999999998
2020,125.90000000000002,91.936
2020,176.9,114.57899999999997
2020,133.5,76.64199999999997
2020,152.8,55.58499999999998
2020,185.69999999999996,163.323
2020,169.8,193.68199999999982
2020,186.9,142.80399999999995
2020,182.5,197.075
2020,152.5,70.88699999999997
2020,153.3,203.4499999999999
2020,180.1,116.21999999999998
2020,177.5,196.56100000000004
2020,171.19999999999996,154.72799999999995
2020,150.6,197.76399999999998
2020,159.7,138.64599999999993
2020,159.6,199.90400000000008
2020,140.0,77.057
2020,192.80000000000004,188.819
2020,177.30000000000004,149.14199999999997
2020,158.0,177.9159999999999
2020,172.9,145.909
2020,186.6,159.92299999999994
2020,144.8,189.42199999999994
2020,170.80000000000004,186.99300000000014
2020,165.9,149.00799999999995
2020,143.6,144.4619999999999
2020,122.7,62.06499999999999
2020,196.30000000000004,142.37499999999997
2020,156.8,44.96500000000002
2020,173.30000000000004,141.165
2020,172.69999999999996,106.45999999999997
2020,168.7,185.65399999999997
2020,174.6,137.418
2020,159.6,150.14700000000002
2020,165.6,108.222
2020,178.5,196.66199999999998
2020,170.9,141.1600000000001
2020,188.5,129.96200000000002
2020,172.4,140.533
2020,150.7,137.27
2020,157.6,112.31100000000006
2020,183.9,193.71999999999977
2020,188.30000000000004,203.58700000000002
2020,0.0,198.91300000000004
2020,105.09999999999998,69.398
2020,181.1,198.51300000000006
2020,115.0,49.04600000000001
2020,181.6,186.6479999999999
2020,0.0,1.571
2020,185.30000000000004,183.877
2020,110.2,105.62300000000003
2020,199.5,202.16200000000015
2020,104.2,31.511999999999997
2020,145.1,28.104999999999997
2020,181.30000000000004,207.00499999999994
2020,0.0,39.155
2020,190.5,204.3959999999999
2020,73.3,37.653999999999996
2020,168.8,163.46899999999997
2020,0.0,0.9670000000000001
2020,188.6,180.6540000000001
2020,184.0,87.315
2020,116.7,77.35099999999998
2020,150.2,153.28799999999998
2020,0.0,53.69999999999999
2020,187.6,183.05399999999995
2020,147.6,143.65099999999998
2020,160.7,193.93400000000008
2020,164.3,103.772
2020,142.6,136.36199999999997
2020,169.9,137.95000000000005
2020,173.1,194.97300000000004
2020,186.19999999999996,196.62000000000006
2020,161.0,200.0109999999999
2020,63.29999999999999,31.76299999999999
2020,159.1,148.722
2020,163.3,47.611000000000004
2020,138.2,206.69899999999987
2020,70.9,95.13000000000007
2020,176.30000000000004,201.59399999999994
2020,116.59999999999998,55.77399999999998
2020,170.69999999999996,21.951999999999998
2020,121.7,68.377
2020,185.69999999999996,177.52499999999992
2020,180.1,200.73799999999994
2020,143.3,96.75299999999994
2020,195.0,204.35900000000004
2020,105.59999999999998,97.01
2020,171.6,128.205
2020,150.3,60.06499999999999
2020,144.0,105.94199999999995
2020,136.8,132.0889999999999
2020,136.3,179.26500000000007
2020,201.5,92.601
2020,76.8,31.038
2020,98.40000000000002,90.63000000000004
2020,206.6,157.88099999999997
2020,173.1,125.44299999999997
2020,161.8,140.58199999999997
2020,182.19999999999996,182.81599999999997
2020,190.80000000000004,141.32400000000004
2020,190.19999999999996,156.252
2020,125.2,72.97100000000005
2020,0.0,0.0
2020,184.69999999999996,58.82699999999999
2020,175.69999999999996,173.477
2020,96.90000000000002,85.45200000000001
2020,192.30000000000004,26.818
2020,195.0,154.2220000000001
2020,120.5,83.50000000000001
2020,0.0,16.483
2020,122.59999999999998,86.82900000000001
2020,0.0,158.798
2020,92.09999999999998,39.46499999999999
2020,162.5,189.40200000000002
2020,132.3,100.74899999999998
2020,198.0,185.931
2020,90.09999999999998,51.55900000000001
2020,84.6,123.55200000000005
2020,105.40000000000002,48.330999999999975
2020,179.80000000000004,166.54099999999994
2020,95.5,88.89499999999997
2020,181.6,194.3489999999999
2020,185.6,117.49800000000003
2020,161.5,62.81899999999997
2020,190.4,199.31999999999988
2020,159.3,154.2939999999999
2020,151.0,60.337999999999965
2020,200.0,198.2810000000001
2020,172.80000000000004,138.86100000000005
2020,166.2,196.55899999999997
2020,0.0,23.952999999999996
2020,151.3,175.84299999999985
2020,178.0,80.608
2020,182.69999999999996,187.77199999999993
2020,167.2,73.98400000000001
2020,153.8,193.646
2020,125.09999999999998,121.50999999999998
2020,194.80000000000004,167.51099999999994
2020,168.7,115.977
2020,180.1,201.42599999999985
2020,183.6,126.89299999999997
2020,187.4,192.125
2020,0.0,105.01899999999996
2020,155.7,184.577
2020,195.80000000000004,185.20400000000006
2020,165.6,130.86099999999996
2020,199.80000000000004,117.43299999999998
2020,136.0,150.18299999999996
2020,170.0,148.23299999999995
2020,139.7,187.22199999999998
2020,172.0,163.55399999999997
2020,164.6,126.30200000000005
2020,181.19999999999996,203.04600000000002
2020,181.19999999999996,131.332
2020,178.4,205.41900000000004
2020,180.9,143.475
2020,191.1,183.07299999999992
2020,167.0,115.83700000000005
2020,168.1,198.44199999999998
2020,164.2,135.15599999999998
2020,155.2,113.66300000000003
2020,197.1,186.22400000000016
2020,138.5,149.02
2020,186.1,196.4139999999999
2020,180.19999999999996,194.88099999999997
2020,150.2,130.01599999999996
2020,176.5,110.99300000000005
2020,0.0,22.980999999999998
2020,145.9,123.33799999999992
2020,0.0,4.556
2020,185.30000000000004,187.73899999999998
2020,165.8,133.653
2020,0.0,12.207
2020,164.7,91.21200000000005
2020,180.0,68.66000000000001
2020,170.4,156.41500000000005
2020,202.0,38.51899999999999
2020,0.0,82.755
2020,174.5,112.118
2020,164.4,90.02799999999999
2020,0.0,0.0
2020,187.0,179.211
2020,57.70000000000001,63.44499999999999
2020,128.2,71.55900000000001
2020,173.19999999999996,115.90500000000002
2020,154.6,122.96099999999996
2020,0.0,121.36000000000001
2020,0.0,10.926999999999998
2020,228.0,10.168000000000001
2020,0.0,27.560000000000006
2020,181.4,180.52300000000002
2020,165.1,123.85999999999999
2020,0.0,91.925
2020,193.30000000000004,179.72699999999995
2020,177.5,187.5969999999999
2020,162.8,64.36
2020,160.7,73.72599999999997
2020,192.19999999999996,166.18199999999996
2020,182.1,135.37400000000002
2020,154.6,139.817
2020,160.0,31.410999999999998
2020,203.9,194.01299999999995
2020,135.4,82.31500000000001
2020,0.0,31.947000000000006
2020,194.0,202.72900000000004
2020,159.3,127.27600000000001
2020,158.4,105.61200000000001
2020,167.7,123.169
2020,172.9,176.01899999999998
2020,97.8,13.14
2020,184.19999999999996,114.684
2020,0.0,109.89500000000005
2020,186.1,128.382
2020,156.8,166.82500000000005
2020,93.09999999999998,54.088
2020,0.0,10.427
2020,100.0,65.52400000000004
2020,185.4,148.95500000000004
2020,166.9,80.95800000000004
2020,180.69999999999996,119.55499999999998
2020,0.0,0.0
2020,130.9,78.235
2020,172.30000000000004,188.18099999999993
2020,187.30000000000004,183.22399999999993
2020,182.69999999999996,163.985
2020,173.4,151.57299999999995
2020,168.4,133.10000000000002
2020,175.9,161.08499999999998
2020,22.8,47.996999999999986
2020,183.4,133.343
2020,160.2,143.12300000000002
2020,186.4,158.89600000000007
2020,0.0,6.432
2020,143.5,151.01799999999997
2020,196.9,164.34800000000007
2020,170.3,135.83200000000005
2020,204.69999999999996,127.48399999999997
2020,176.0,128.37299999999996
2020,171.30000000000004,153.33300000000003
2020,190.6,161.79799999999997
2020,201.9,176.49500000000003
2020,87.3,128.8019999999999
2020,147.8,168.24599999999998
2020,172.6,144.96800000000002
2020,169.7,125.83300000000004
2020,146.9,143.13000000000008
2020,178.4,102.10799999999999
2020,77.8,44.531000000000006
2020,169.2,87.27399999999997
2020,0.0,40.049
2020,172.19999999999996,198.57400000000004
2020,178.4,136.48899999999995
2020,181.9,164.493
2020,192.69999999999996,200.16299999999995
2020,0.0,128.92100000000008
2020,0.0,14.472999999999999
2020,190.80000000000004,152.681
2020,123.3,117.00800000000007
2020,173.30000000000004,105.58599999999996
2020,198.1,188.38100000000003
2020,154.6,130.66099999999997
2020,177.5,150.267
2020,188.9,159.81300000000002
2020,0.0,27.517
2020,178.6,75.93300000000002
2020,152.1,123.63599999999997
2020,191.1,208.3029999999999
2020,200.69999999999996,179.86000000000007
2020,191.30000000000004,194.14499999999995
2020,191.9,184.54499999999996
2020,146.5,30.748000000000005
2020,0.0,16.790000000000003
2020,176.80000000000004,156.787
2020,169.7,153.26400000000004
2020,200.5,178.31800000000004
2020,0.0,11.315999999999999
2020,158.3,57.797
2020,190.19999999999996,206.8219999999999
2020,142.8,85.08699999999997
2020,169.9,105.23200000000003
2020,185.80000000000004,154.28699999999998
2020,0.0,63.061000000000014
2020,0.0,6.7410000000000005
2020,179.19999999999996,150.45500000000004
2020,202.69999999999996,153.741
2020,0.0,48.135999999999996
2020,188.4,75.01599999999999
2020,150.9,16.166
2020,189.6,145.44299999999998
2020,199.4,156.00300000000007
2020,179.9,137.48499999999999
2020,0.0,3.235
2020,196.69999999999996,130.45699999999997
2020,163.3,117.56699999999995
2020,0.0,44.93800000000001
2020,194.6,196.87599999999995
2020,176.69999999999996,139.06499999999997
2020,0.0,5.273
2020,164.3,133.563
2020,206.0,181.34099999999998
2020,124.8,131.71699999999993
2020,0.0,21.412
2020,184.1,158.668
2020,0.0,79.70800000000001
2020,209.6,186.8840000000001
2020,197.0,127.91500000000002
2020,0.0,4.231
2020,0.0,58.622999999999976
2020,0.0,0.0
2020,171.30000000000004,148.87899999999996
2020,197.1,99.542
2020,178.69999999999996,85.28399999999999
2020,173.1,80.14599999999997
2020,0.0,98.81
2020,209.19999999999996,181.05800000000008
2020,0.0,13.097000000000001
2020,108.2,26.316999999999997
2020,165.8,135.53900000000004
2020,185.9,157.26199999999994
2020,154.3,128.62600000000003
2020,179.4,167.70199999999997
2020,238.1,130.86899999999991
2020,0.0,52.88899999999999
2020,198.1,181.821
2020,167.4,130.37199999999999
2020,116.8,113.40500000000002
2020,176.1,136.84900000000005
2020,160.7,111.68300000000004
2020,0.0,60.40100000000001
2020,171.4,93.51899999999999
2020,165.7,131.54600000000005
2020,215.19999999999996,158.90800000000002
2020,190.5,176.29299999999992
2020,174.6,107.536
2020,38.6,68.11200000000001
2020,128.9,109.141
2020,209.5,167.89099999999985
2020,0.0,82.57100000000004
2020,156.0,110.30300000000001
2020,141.1,53.11599999999999
2020,174.19999999999996,153.09300000000002
2020,204.0,196.99700000000007
2020,136.6,92.57100000000003
2020,173.9,174.72299999999998
2020,149.9,139.01899999999998
2020,185.19999999999996,189.25299999999996
2020,192.0,146.758
2020,176.69999999999996,145.34099999999992
2020,139.1,87.01200000000003
2020,151.8,151.9259999999999
2020,42.1,54.748000000000005
2020,183.9,139.93300000000002
2020,184.30000000000004,103.711
2020,0.0,1.167
2020,121.0,21.045
2020,166.2,147.72799999999995
2020,184.9,98.15499999999996
2020,136.3,85.185
2020,129.7,109.957
2020,159.4,141.94900000000007
2020,181.0,184.952
2020,170.1,52.59199999999999
2020,0.0,0.9670000000000001
2020,158.8,56.14999999999999
2020,140.8,108.99300000000005
2020,200.30000000000004,160.66500000000002
2020,216.69999999999996,115.07499999999996
2020,158.8,121.19599999999997
2020,182.0,57.773999999999994
2020,187.80000000000004,132.45399999999998
2020,100.0,59.90099999999998
2020,179.4,138.93399999999997
2020,207.1,152.81099999999992
2020,171.19999999999996,120.09700000000004
2020,208.9,120.18700000000001
2020,0.0,12.734000000000002
2020,174.80000000000004,145.72500000000005
2020,0.0,41.78700000000001
2020,205.19999999999996,160.97199999999998
2020,182.9,165.15400000000002
2020,111.8,60.136
2020,178.19999999999996,153.05099999999996
2020,191.1,80.68400000000001
2020,188.69999999999996,141.04400000000004
2020,154.2,140.22499999999997
2020,146.1,81.51899999999999
2020,158.1,106.195
2020,144.5,125.01599999999996
2020,213.1,118.74800000000003
2020,0.0,3.2439999999999998
2020,164.7,151.527
2020,168.1,127.20399999999994
2020,106.3,56.225999999999985
2020,175.9,187.17799999999997
2020,164.0,80.20500000000001
2020,190.5,60.24900000000002
2020,180.69999999999996,46.88799999999999
2020,84.4,57.137000000000015
2020,190.1,123.04100000000004
2020,188.80000000000004,152.27500000000003
2020,167.5,132.44900000000004
2020,136.4,79.38600000000001
2020,191.5,107.255
2020,143.1,138.56600000000006
2020,126.2,138.2789999999999
2020,124.40000000000002,48.739000000000004
2020,182.0,135.206
2020,145.6,134.96899999999997
2020,182.80000000000004,121.53799999999997
2020,0.0,7.563
2020,196.6,155.65300000000005
2020,182.19999999999996,128.86800000000002
2020,188.5,142.054
2020,166.7,108.34699999999997
2020,171.0,141.71600000000004
2020,0.0,41.866000000000014
2020,205.69999999999996,152.86700000000008
2020,169.4,112.57399999999994
2020,60.9,71.82900000000001
2020,175.30000000000004,146.8690000000001
2020,163.8,148.516
2020,182.69999999999996,163.235
2020,0.0,3.591
2020,187.6,143.592
2020,181.4,139.4819999999999
2020,161.6,136.43500000000003
2020,179.0,128.23199999999997
2020,34.0,71.12199999999999
2020,152.1,138.78200000000004
2020,205.30000000000004,119.22699999999998
2020,141.9,127.24599999999992
2020,168.9,132.09500000000003
2020,149.0,144.75399999999993
2020,168.5,110.25399999999999
2020,179.69999999999996,109.83699999999999
2020,168.1,135.49599999999992
2020,0.0,18.047000000000004
2020,0.0,6.985
2020,182.19999999999996,130.02100000000002
2020,192.9,161.58000000000004
2020,165.0,98.29199999999999
2020,161.0,135.589
2020,191.0,177.9629999999999
2020,0.0,21.361
2020,151.7,119.79799999999997
2020,177.1,125.87400000000004
2020,0.0,14.670000000000002
2020,126.90000000000002,81.655
2020,174.80000000000004,136.91100000000003
2020,0.0,11.152000000000003
2020,168.2,132.54599999999994
2020,149.7,126.8620000000001
2020,154.3,129.32600000000005
2020,176.69999999999996,79.51199999999997
2020,161.3,131.39599999999996
2020,164.4,145.74799999999996
2020,136.1,103.32999999999998
2020,170.80000000000004,41.609000000000016
2020,0.0,61.285
2020,143.2,41.15400000000002
2020,188.0,143.37599999999998
2020,143.9,163.98100000000002
2020,172.69999999999996,190.6529999999999
2020,168.2,106.917
2020,151.5,155.47900000000004
2020,0.0,46.412
2020,0.0,23.488999999999997
2020,157.6,118.48099999999995
2020,205.0,172.15599999999998
2020,193.4,195.916
2020,149.1,123.977
2020,170.69999999999996,147.36300000000006
2020,169.3,157.68100000000007
2020,111.90000000000002,140.8679999999999
2020,156.5,129.40499999999997
2020,184.9,117.24299999999998
2020,204.69999999999996,123.81299999999999
2020,186.9,152.61999999999998
2020,163.2,135.12699999999992
2020,196.69999999999996,157.33699999999996
2020,180.80000000000004,150.175
2020,146.9,111.335
2020,0.0,0.9190000000000002
2020,199.0,172.25000000000009
2020,159.4,117.03899999999997
2020,183.9,172.914
2020,171.69999999999996,145.736
2020,119.59999999999998,32.734
2020,191.9,86.53399999999999
2020,169.3,118.03199999999998
2020,0.0,0.0
2020,0.0,51.55600000000001
2020,175.5,157.70900000000006
2020,170.6,108.91999999999999
2020,180.69999999999996,155.46599999999992
2020,193.5,144.04899999999998
2020,190.6,144.12800000000004
2020,191.0,34.57000000000001
2020,161.1,142.898
2020,151.5,113.698
2020,176.0,161.0899999999999
2020,204.80000000000004,154.27699999999987
2020,163.7,133.445
2020,189.1,73.72599999999998
2020,171.69999999999996,93.209
2020,161.6,145.652
2020,106.3,76.70800000000001
2020,174.6,122.98299999999998
2020,161.6,121.491
2020,0.0,25.201
2020,149.2,142.50599999999997
2020,0.0,26.458000000000002
2020,159.6,108.24199999999998
2020,0.0,47.704000000000015
2020,88.59999999999998,97.92600000000004
2020,0.0,45.054
2020,158.5,79.08800000000001
2020,201.19999999999996,105.06800000000001
2020,164.7,121.18200000000003
2020,0.0,59.574000000000005
2020,168.5,87.079
2020,146.1,124.95200000000001
2020,128.6,31.856000000000005
2020,194.6,94.69799999999998
2020,0.0,23.796999999999997
2020,0.0,1.7819999999999998
2020,173.1,141.418
2020,191.19999999999996,164.87800000000004
2020,149.1,109.626
2020,158.6,107.83300000000003
2020,150.8,131.495
2020,188.9,160.57
2020,167.8,158.034
2020,188.0,78.65700000000001
2020,159.9,15.174000000000003
2020,173.69999999999996,77.44399999999999
2020,197.9,178.6390000000001
2020,0.0,10.826
2020,99.40000000000002,144.077
2020,179.30000000000004,94.13599999999998
2020,167.1,166.83000000000004
2020,162.4,102.76899999999999
2020,173.4,74.08599999999997
2020,0.0,52.382000000000026
2020,156.4,47.62999999999999
2020,169.5,136.3979999999999
2020,139.9,57.22699999999999
2020,198.30000000000004,150.83500000000004
2020,132.8,75.34500000000004
2020,184.5,67.21900000000001
2020,166.3,146.44899999999993
2020,182.80000000000004,155.56699999999995
2020,0.0,71.308
2020,136.8,19.828000000000003
2020,203.9,202.42799999999986
2020,154.6,87.388
2020,0.0,1.0
2020,170.2,150.58
2020,177.0,185.01299999999992
2020,195.9,187.84900000000005
2020,202.5,124.53
2020,186.4,189.31300000000002
2020,162.4,147.23400000000004
2020,93.5,79.61699999999999
2020,0.0,27.936
2020,191.0,154.37299999999996
2020,203.69999999999996,156.344
2020,0.0,43.59800000000001
2020,168.4,142.38299999999992
2020,133.0,64.39699999999998
2020,0.0,18.054999999999996
2020,0.0,57.18
2020,0.0,36.248000000000005
2020,155.9,126.27099999999992
2020,187.6,126.43799999999996
2020,198.69999999999996,169.4119999999999
2020,175.30000000000004,98.11100000000006
2020,200.4,180.63999999999996
2020,142.7,130.19399999999996
2020,202.80000000000004,171.95500000000004
2020,0.0,27.443
2020,187.80000000000004,176.72199999999998
2020,141.5,124.48800000000003
2020,0.0,4.5
2020,0.0,0.0
2020,0.0,41.28
2020,0.0,93.05899999999998
2020,183.9,120.51099999999998
2020,0.0,28.878
2020,117.0,118.17699999999999
2020,135.6,86.80799999999998
2020,161.2,111.06999999999998
2020,164.6,102.11000000000004
2020,179.4,37.688
2020,0.0,32.685
2020,192.9,90.56999999999996
2020,0.0,110.26200000000003
2020,195.69999999999996,187.97199999999998
2020,185.4,145.30499999999995
2020,155.6,49.823
2020,163.1,130.29599999999994
2020,182.0,121.92600000000002
2020,173.5,161.96699999999998
2020,187.1,93.18599999999998
2020,184.9,105.40900000000002
2020,155.9,137.90800000000002
2020,0.0,6.273
2020,0.0,17.072
2020,156.7,153.62199999999993
2020,103.5,15.044000000000004
2020,0.0,99.94100000000006
2020,109.59999999999998,108.45700000000001
2020,149.0,115.13199999999999
2020,164.9,93.928
2020,104.40000000000002,14.32
2020,0.0,7.870000000000001
2020,156.4,54.83799999999999
2020,173.1,134.895
2020,167.5,139.69299999999998
2020,0.0,93.83
2020,155.7,85.735
2020,153.4,146.7629999999999
2020,167.4,139.52699999999993
2020,185.9,108.97199999999997
2020,0.0,26.034000000000006
2020,142.0,85.46499999999996
2020,173.9,118.402
2020,182.69999999999996,150.07599999999994
2020,150.8,131.3840000000001
2020,173.1,120.41800000000006
2020,183.1,153.54199999999997
2020,164.0,118.02999999999994
2020,173.9,61.78099999999999
2020,149.0,93.32999999999998
2020,0.0,90.92299999999997
2020,0.0,17.966
2020,170.3,111.49399999999997
2020,174.0,116.45100000000001
2020,99.0,26.614000000000004
2020,175.69999999999996,108.18599999999995
2020,0.0,76.64599999999996
2020,0.0,29.038000000000007
2020,167.6,80.47599999999997
2020,152.7,141.00999999999993
2020,198.9,77.259
2020,140.0,145.49500000000006
2020,170.69999999999996,117.44100000000005
2020,163.9,135.399
2020,91.7,6.46
2020,195.80000000000004,97.96199999999997
2020,0.0,48.05300000000001
2020,163.8,136.2009999999999
2020,153.7,49.423
2020,0.0,13.995
2020,190.0,168.9540000000001
2020,103.2,122.37899999999995
2020,0.0,36.111000000000004
2020,109.0,27.072999999999997
2020,174.5,101.51100000000004
2020,161.1,130.76199999999997
2020,0.0,97.19800000000001
2020,173.19999999999996,124.613
2020,190.69999999999996,151.614
2020,0.0,8.866
2020,176.9,138.18500000000003
2020,0.0,16.05
2020,151.7,109.22900000000001
2020,189.80000000000004,43.02499999999999
2020,91.40000000000002,70.31600000000002
2020,188.19999999999996,156.73300000000003
2020,211.30000000000004,162.40200000000002
2020,185.69999999999996,199.10300000000004
2020,140.9,130.89400000000006
2020,0.0,15.619000000000002
2020,174.19999999999996,114.37999999999997
2020,0.0,0.0
2020,165.2,118.50399999999999
2020,182.80000000000004,185.6650000000001
2020,179.9,153.94100000000003
2020,165.4,165.74100000000007
2020,0.0,75.85900000000004
2020,194.19999999999996,171.889
2020,194.0,186.0579999999999
2020,51.9,31.602000000000004
2020,192.0,169.16299999999995
2020,0.0,65.02300000000002
2020,0.0,75.45100000000001
2020,155.5,112.63599999999992
2020,0.0,0.0
2020,190.0,160.37900000000002
2020,170.80000000000004,145.34799999999993
2020,210.0,182.86800000000002
2020,173.4,115.399
2020,70.8,18.588
2020,187.5,146.16899999999998
2020,191.5,143.70899999999995
2020,177.9,146.50199999999987
2020,0.0,1.147
2020,168.1,98.90499999999993
2020,176.69999999999996,173.59400000000005
2020,0.0,22.480999999999998
2020,156.1,152.10000000000002
2020,169.7,161.80200000000005
2020,177.69999999999996,176.4989999999999
2020,180.0,137.93799999999993
2020,162.1,154.70499999999987
2020,0.0,0.0
2020,0.0,45.42000000000001
2020,0.0,3.3920000000000003
2020,148.0,124.24099999999999
2020,0.0,0.0
2020,0.0,42.382999999999996
2020,168.6,63.203999999999986
2020,190.19999999999996,184.51299999999995
2020,0.0,43.591000000000015
2020,176.80000000000004,145.3379999999999
2020,185.6,146.89700000000002
2020,0.0,22.736
2020,176.4,73.014
2020,187.6,129.27999999999997
2020,171.19999999999996,66.21600000000002
2020,168.2,89.91900000000004
2020,181.30000000000004,133.18999999999994
2020,207.9,199.91700000000003
2020,192.19999999999996,153.37899999999996
2020,168.9,148.00799999999992
2020,0.0,65.86399999999999
2020,199.4,164.17100000000013
2020,0.0,32.536
2020,0.0,86.77599999999997
2020,181.69999999999996,85.806
2020,0.0,0.0
2020,146.1,84.99699999999997
2020,165.3,4.711
2020,0.0,2.313
2020,133.3,79.05799999999998
2020,199.4,203.21200000000005
2020,0.0,91.031
2020,169.5,139.59199999999996
2020,161.5,75.98200000000001
2020,135.1,135.782
2020,184.0,137.95299999999995
2020,176.6,104.07599999999996
2020,190.69999999999996,175.40299999999996
2020,181.1,140.36
2020,0.0,64.99100000000001
2020,170.5,85.928
2020,176.69999999999996,166.0140000000001
2020,199.69999999999996,193.24900000000014
2020,176.19999999999996,145.839
2020,183.9,178.3399999999999
2020,203.5,192.56100000000004
2020,151.0,96.552
2020,64.3,76.89400000000002
2020,184.19999999999996,170.95700000000005
2020,190.80000000000004,194.94100000000006
2020,128.9,11.713
2020,0.0,87.19299999999997
2020,157.0,136.21300000000008
2020,0.0,87.445
2020,209.6,130.21599999999998
2020,157.7,65.971
2020,163.4,130.55899999999997
2020,158.1,114.315
2020,195.30000000000004,127.92499999999998
2020,167.2,125.41300000000001
2020,166.4,144.18799999999993
2020,175.4,103.46900000000001
2020,0.0,0.0
2020,0.0,25.199
2020,186.0,127.30700000000003
2020,158.8,144.30399999999997
2020,156.0,14.735
2020,169.8,62.522999999999975
2020,181.30000000000004,121.69999999999995
2020,143.5,101.93700000000001
2020,0.0,0.0
2020,171.30000000000004,147.62899999999996
2020,193.9,189.2900000000002
2020,124.59999999999998,91.58200000000001
2020,92.90000000000002,67.75900000000001
2020,181.19999999999996,175.63499999999982
2020,167.1,126.97800000000008
2020,0.0,64.16900000000001
2020,171.4,93.789
2020,213.6,169.80499999999992
2020,175.0,77.16399999999999
2020,190.80000000000004,202.06200000000007
2020,170.9,127.52399999999994
2020,160.9,145.05599999999993
2020,0.0,74.54300000000002
2020,202.9,183.53999999999994
2020,202.9,175.915
2020,157.5,147.31599999999997
2020,189.1,160.65300000000002
2020,184.5,177.85399999999993
2020,155.0,119.64000000000006
2020,0.0,1.341
2020,204.5,166.711
2020,0.0,127.71600000000008
2020,161.0,195.28100000000006
2020,0.0,25.667999999999996
2020,108.5,131.56899999999996
2020,168.0,130.28599999999997
2020,0.0,64.27499999999995
2020,156.5,142.209
2020,192.4,144.929
2020,152.0,134.01799999999994
2020,91.59999999999998,78.1
2020,0.0,81.54699999999998
2020,180.5,127.44099999999997
2020,156.7,149.29099999999994
2020,207.1,178.74599999999998
2020,177.69999999999996,116.22300000000001
2020,45.79999999999999,1.167
2020,207.4,115.99300000000001
2020,0.0,3.429
2020,166.2,73.35100000000001
2020,164.8,162.99900000000002
2020,210.6,163.76800000000006
2020,0.0,71.557
2020,118.5,116.51499999999999
2020,190.0,200.28499999999994
2020,168.5,146.76199999999992
2020,164.4,137.00200000000004
2020,113.59999999999998,99.40300000000003
2020,209.6,202.79999999999995
2020,172.80000000000004,169.79199999999986
2020,174.80000000000004,135.9279999999999
2020,175.0,183.01699999999997
2020,0.0,45.41600000000001
2020,144.2,116.72000000000004
2020,221.9,149.385
2020,200.4,183.798
2020,0.0,80.383
2020,187.9,84.43399999999998
2020,160.9,140.254
